FECHA,ACCIDENTES,GRAVEDAD_ACCIDENTE,CLASE_ACCIDENTE,PRECIPITACION_MM,LLUVIA,COMPARENDOS,COD_INFRACCION,TIPO_INFRACCION,CLASE_VEHICULO_INFRACTOR,SERVICIO_VEHICULO_INFRACTOR
2018-01-01,7.0,Solo daños,Choque,0.0,No,293.0,C29,TRÁNSITO,AUTOMOVIL,PARTICULAR
2018-01-02,11.0,Solo daños,Choque,0.0,No,347.0,C02,TRÁNSITO,AUTOMOVIL,PARTICULAR
2018-01-03,12.0,Solo daños,Choque,0.0,No,269.0,C02,TRÁNSITO,AUTOMOVIL,PARTICULAR
2018-01-04,16.0,Solo daños,Choque,4.5,Sí,253.0,C02,TRÁNSITO,AUTOMOVIL,PARTICULAR
2018-01-05,12.0,Solo daños,Choque,0.0,No,317.0,C02,TRÁNSITO,AUTOMOVIL,PARTICULAR
2018-01-06,11.0,Solo daños,Choque,0.0,No,236.0,C02,TRÁNSITO,AUTOMOVIL,PARTICULAR
2018-01-07,9.0,Solo daños,Choque,0.0,No,266.0,C29,TRÁNSITO,AUTOMOVIL,PARTICULAR
2018-01-08,9.0,Solo daños,Choque,0.0,No,236.0,C29,TRÁNSITO,AUTOMOVIL,PARTICULAR
2018-01-09,8.0,Con heridos,Choque,0.0,No,292.0,C02,TRÁNSITO,AUTOMOVIL,PARTICULAR
2018-01-10,14.0,Solo daños,Choque,0.0,No,321.0,C02,TRÁNSITO,AUTOMOVIL,PARTICULAR
2018-01-11,14.0,Solo daños,Choque,0.0,No,255.0,C02,TRÁNSITO,AUTOMOVIL,PARTICULAR
2018-01-12,18.0,Solo daños,Choque,0.0,No,234.0,C02,TRÁNSITO,AUTOMOVIL,PARTICULAR
2018-01-13,17.0,Solo daños,Choque,0.0,No,215.0,C02,TRÁNSITO,AUTOMOVIL,PARTICULAR
2018-01-14,12.0,Con heridos,Choque,0.0,No,220.0,C29,TRÁNSITO,AUTOMOVIL,PARTICULAR
2018-01-15,23.0,Solo daños,Choque,0.0,No,242.0,C02,TRÁNSITO,AUTOMOVIL,PARTICULAR
2018-01-16,23.0,Solo daños,Choque,0.0,No,253.0,C02,TRÁNSITO,AUTOMOVIL,PARTICULAR
2018-01-17,16.0,Solo daños,Choque,0.0,No,270.0,C02,TRÁNSITO,AUTOMOVIL,PARTICULAR
2018-01-18,16.0,Solo daños,Choque,0.0,No,285.0,C02,TRÁNSITO,AUTOMOVIL,PARTICULAR
2018-01-19,12.0,Solo daños,Choque,0.0,No,270.0,C02,TRÁNSITO,AUTOMOVIL,PARTICULAR
2018-01-20,21.0,Solo daños,Choque,0.0,No,242.0,C02,TRÁNSITO,AUTOMOVIL,PARTICULAR
2018-01-21,11.0,Con heridos,Choque,0.0,No,187.0,C29,TRÁNSITO,AUTOMOVIL,PARTICULAR
2018-01-22,16.0,Solo daños,Choque,0.0,No,275.0,C02,TRÁNSITO,AUTOMOVIL,PARTICULAR
2018-01-23,18.0,Solo daños,Choque,0.0,No,282.0,C02,TRÁNSITO,AUTOMOVIL,PARTICULAR
2018-01-24,17.0,Solo daños,Choque,0.0,No,293.0,C02,TRÁNSITO,AUTOMOVIL,PARTICULAR
2018-01-25,22.0,Solo daños,Choque,0.0,No,257.0,C02,TRÁNSITO,AUTOMOVIL,PARTICULAR
2018-01-26,6.0,Con heridos,Choque,0.0,No,300.0,C02,TRÁNSITO,AUTOMOVIL,PARTICULAR
2018-01-27,15.0,Solo daños,Choque,0.0,No,274.0,C02,TRÁNSITO,AUTOMOVIL,PARTICULAR
2018-01-28,11.0,Solo daños,Choque,0.0,No,161.0,C29,TRÁNSITO,AUTOMOVIL,PARTICULAR
2018-01-29,20.0,Solo daños,Choque,0.0,No,273.0,C02,TRÁNSITO,AUTOMOVIL,PARTICULAR
2018-01-30,21.0,Solo daños,Choque,0.0,No,256.0,C02,TRÁNSITO,AUTOMOVIL,PARTICULAR
2018-01-31,23.0,Solo daños,Choque,0.0,No,260.0,C02,TRÁNSITO,AUTOMOVIL,PARTICULAR
2018-02-01,22.0,Solo daños,Choque,0.0,No,266.0,C02,TRÁNSITO,AUTOMOVIL,PARTICULAR
2018-02-02,14.0,Solo daños,Choque,0.0,No,231.0,C29,TRÁNSITO,AUTOMOVIL,PARTICULAR
2018-02-03,19.0,Solo daños,Choque,0.0,No,214.0,C02,TRÁNSITO,AUTOMOVIL,PARTICULAR
2018-02-04,7.0,Solo daños,Choque,0.0,No,141.0,C29,TRÁNSITO,AUTOMOVIL,PARTICULAR
2018-02-05,19.0,Solo daños,Choque,0.0,No,293.0,C02,TRÁNSITO,AUTOMOVIL,PARTICULAR
2018-02-06,21.0,Solo daños,Choque,0.0,No,243.0,C02,TRÁNSITO,AUTOMOVIL,PARTICULAR
2018-02-07,18.0,Solo daños,Choque,0.0,No,242.0,C02,TRÁNSITO,AUTOMOVIL,PARTICULAR
2018-02-08,20.0,Solo daños,Choque,0.0,No,255.0,C02,TRÁNSITO,AUTOMOVIL,PARTICULAR
2018-02-09,18.0,Solo daños,Choque,0.0,No,239.0,C02,TRÁNSITO,AUTOMOVIL,PARTICULAR
2018-02-10,15.0,Solo daños,Choque,0.0,No,162.0,C29,TRÁNSITO,AUTOMOVIL,PARTICULAR
2018-02-11,11.0,Solo daños,Choque,2.6,Sí,153.0,C29,TRÁNSITO,AUTOMOVIL,PARTICULAR
2018-02-12,13.0,Solo daños,Choque,0.0,No,160.0,C29,TRÁNSITO,AUTOMOVIL,PARTICULAR
2018-02-13,12.0,Solo daños,Choque,0.0,No,186.0,C29,TRÁNSITO,AUTOMOVIL,PARTICULAR
2018-02-14,18.0,Solo daños,Choque,0.0,No,253.0,C02,TRÁNSITO,AUTOMOVIL,PARTICULAR
2018-02-15,22.0,Solo daños,Choque,0.0,No,245.0,C02,TRÁNSITO,AUTOMOVIL,PARTICULAR
2018-02-16,19.0,Solo daños,Choque,0.0,No,231.0,C02,TRÁNSITO,AUTOMOVIL,PARTICULAR
2018-02-17,13.0,Solo daños,Choque,0.0,No,258.0,C02,TRÁNSITO,AUTOMOVIL,PARTICULAR
2018-02-18,6.0,Solo daños,Choque,0.0,No,151.0,C29,TRÁNSITO,AUTOMOVIL,PARTICULAR
2018-02-19,19.0,Solo daños,Choque,0.0,No,289.0,C02,TRÁNSITO,AUTOMOVIL,PARTICULAR
2018-02-20,13.0,Solo daños,Choque,0.0,No,229.0,C02,TRÁNSITO,AUTOMOVIL,PARTICULAR
2018-02-21,19.0,Solo daños,Choque,0.0,No,263.0,C02,TRÁNSITO,AUTOMOVIL,PARTICULAR
2018-02-22,12.0,Solo daños,Choque,0.0,No,244.0,C02,TRÁNSITO,AUTOMOVIL,PARTICULAR
2018-02-23,24.0,Solo daños,Choque,0.0,No,264.0,C02,TRÁNSITO,AUTOMOVIL,PARTICULAR
2018-02-24,24.0,Solo daños,Choque,0.4,Sí,286.0,C02,TRÁNSITO,AUTOMOVIL,PARTICULAR
2018-02-25,7.0,Solo daños,Choque,0.0,No,180.0,C29,TRÁNSITO,AUTOMOVIL,PARTICULAR
2018-02-26,22.0,Solo daños,Choque,0.0,No,273.0,C02,TRÁNSITO,AUTOMOVIL,PARTICULAR
2018-02-27,19.0,Solo daños,Choque,0.0,No,248.0,C02,TRÁNSITO,AUTOMOVIL,PARTICULAR
2018-02-28,16.0,Solo daños,Choque,0.0,No,239.0,C02,TRÁNSITO,AUTOMOVIL,PARTICULAR
2018-03-01,13.0,Solo daños,Choque,0.0,No,258.0,C02,TRÁNSITO,AUTOMOVIL,PARTICULAR
2018-03-02,21.0,Solo daños,Choque,0.0,No,271.0,C02,TRÁNSITO,AUTOMOVIL,PARTICULAR
2018-03-03,28.0,Solo daños,Choque,0.0,No,276.0,C02,TRÁNSITO,AUTOMOVIL,PARTICULAR
2018-03-04,11.0,Solo daños,Choque,0.0,No,157.0,C29,TRÁNSITO,AUTOMOVIL,PARTICULAR
2018-03-05,18.0,Solo daños,Choque,0.0,No,249.0,C02,TRÁNSITO,AUTOMOVIL,PARTICULAR
2018-03-06,28.0,Solo daños,Choque,0.0,No,259.0,C02,TRÁNSITO,AUTOMOVIL,PARTICULAR
2018-03-07,15.0,Solo daños,Choque,0.0,No,252.0,C02,TRÁNSITO,AUTOMOVIL,PARTICULAR
2018-03-08,21.0,Solo daños,Choque,0.0,No,273.0,C02,TRÁNSITO,AUTOMOVIL,PARTICULAR
2018-03-09,19.0,Solo daños,Choque,0.0,No,204.0,C29,TRÁNSITO,AUTOMOVIL,PARTICULAR
2018-03-10,13.0,Solo daños,Choque,0.0,No,266.0,C02,TRÁNSITO,AUTOMOVIL,PARTICULAR
2018-03-11,15.0,Solo daños,Choque,0.0,No,178.0,C29,TRÁNSITO,AUTOMOVIL,PARTICULAR
2018-03-12,14.0,Solo daños,Choque,0.0,No,249.0,C02,TRÁNSITO,AUTOMOVIL,PARTICULAR
2018-03-13,10.0,Solo daños,Choque,0.0,No,305.0,C02,TRÁNSITO,AUTOMOVIL,PARTICULAR
2018-03-14,13.0,Solo daños,Choque,0.0,No,252.0,C02,TRÁNSITO,AUTOMOVIL,PARTICULAR
2018-03-15,23.0,Solo daños,Choque,0.0,No,248.0,C02,TRÁNSITO,AUTOMOVIL,PARTICULAR
2018-03-16,20.0,Solo daños,Choque,0.0,No,260.0,C02,TRÁNSITO,AUTOMOVIL,PARTICULAR
2018-03-17,24.0,Solo daños,Choque,0.0,No,304.0,C02,TRÁNSITO,AUTOMOVIL,PARTICULAR
2018-03-18,7.0,Solo daños,Choque,0.0,No,161.0,C29,TRÁNSITO,AUTOMOVIL,PARTICULAR
2018-03-19,9.0,Solo daños,Choque,0.0,No,134.0,C29,TRÁNSITO,AUTOMOVIL,PARTICULAR
2018-03-20,25.0,Solo daños,Choque,0.0,No,247.0,C02,TRÁNSITO,AUTOMOVIL,PARTICULAR
2018-03-21,24.0,Solo daños,Choque,0.0,No,292.0,C02,TRÁNSITO,AUTOMOVIL,PARTICULAR
2018-03-22,21.0,Solo daños,Choque,0.0,No,263.0,C02,TRÁNSITO,AUTOMOVIL,PARTICULAR
2018-03-23,20.0,Con heridos,Choque,0.0,No,257.0,C02,TRÁNSITO,AUTOMOVIL,PARTICULAR
2018-03-24,17.0,Solo daños,Choque,0.0,No,253.0,C02,TRÁNSITO,AUTOMOVIL,PARTICULAR
2018-03-25,15.0,Solo daños,Choque,0.0,No,141.0,C29,TRÁNSITO,AUTOMOVIL,PARTICULAR
2018-03-26,16.0,Solo daños,Choque,0.0,No,246.0,C02,TRÁNSITO,AUTOMOVIL,PARTICULAR
2018-03-27,21.0,Solo daños,Choque,0.0,No,231.0,C02,TRÁNSITO,AUTOMOVIL,PARTICULAR
2018-03-28,14.0,Solo daños,Choque,0.0,No,198.0,C02,TRÁNSITO,AUTOMOVIL,PARTICULAR
2018-03-29,14.0,Solo daños,Choque,0.0,No,162.0,C29,TRÁNSITO,AUTOMOVIL,PARTICULAR
2018-03-30,6.0,Con heridos,Choque,0.0,No,233.0,C29,TRÁNSITO,AUTOMOVIL,PARTICULAR
2018-03-31,10.0,Con heridos,Choque,0.0,No,254.0,C02,TRÁNSITO,AUTOMOVIL,PARTICULAR
2018-04-01,13.0,Solo daños,Choque,0.0,No,156.0,C29,TRÁNSITO,AUTOMOVIL,PARTICULAR
2018-04-02,17.0,Solo daños,Choque,0.0,No,220.0,C02,TRÁNSITO,AUTOMOVIL,PARTICULAR
2018-04-03,20.0,Solo daños,Choque,0.0,No,278.0,C02,TRÁNSITO,AUTOMOVIL,PARTICULAR
2018-04-04,19.0,Solo daños,Choque,0.0,No,271.0,C02,TRÁNSITO,AUTOMOVIL,PARTICULAR
2018-04-05,15.0,Solo daños,Choque,0.0,No,258.0,C02,TRÁNSITO,AUTOMOVIL,PARTICULAR
2018-04-06,16.0,Solo daños,Choque,0.0,No,193.0,C29,TRÁNSITO,AUTOMOVIL,PARTICULAR
2018-04-07,15.0,Solo daños,Choque,0.0,No,235.0,C02,TRÁNSITO,AUTOMOVIL,PARTICULAR
2018-04-08,13.0,Solo daños,Choque,0.0,No,130.0,C29,TRÁNSITO,AUTOMOVIL,PARTICULAR
2018-04-09,21.0,Solo daños,Choque,0.0,No,234.0,C02,TRÁNSITO,AUTOMOVIL,PARTICULAR
2018-04-10,15.0,Solo daños,Choque,0.0,No,236.0,C02,TRÁNSITO,AUTOMOVIL,PARTICULAR
2018-04-11,22.0,Solo daños,Choque,0.6,Sí,198.0,C02,TRÁNSITO,AUTOMOVIL,PARTICULAR
2018-04-12,20.0,Solo daños,Choque,0.0,No,280.0,C02,TRÁNSITO,AUTOMOVIL,PARTICULAR
2018-04-13,19.0,Solo daños,Choque,0.0,No,230.0,C02,TRÁNSITO,AUTOMOVIL,PARTICULAR
2018-04-14,24.0,Solo daños,Choque,0.0,No,234.0,C02,TRÁNSITO,AUTOMOVIL,PARTICULAR
2018-04-15,19.0,Solo daños,Choque,0.0,No,155.0,C29,TRÁNSITO,AUTOMOVIL,PARTICULAR
2018-04-16,18.0,Solo daños,Choque,0.0,No,280.0,C02,TRÁNSITO,AUTOMOVIL,PARTICULAR
2018-04-17,16.0,Solo daños,Choque,0.0,No,243.0,C02,TRÁNSITO,AUTOMOVIL,PARTICULAR
2018-04-18,25.0,Solo daños,Choque,0.0,No,234.0,C02,TRÁNSITO,AUTOMOVIL,PARTICULAR
2018-04-19,16.0,Solo daños,Choque,0.0,No,243.0,C02,TRÁNSITO,AUTOMOVIL,PARTICULAR
2018-04-20,18.0,Solo daños,Choque,0.0,No,264.0,C02,TRÁNSITO,AUTOMOVIL,PARTICULAR
2018-04-21,19.0,Solo daños,Choque,0.2,Sí,232.0,C02,TRÁNSITO,AUTOMOVIL,PARTICULAR
2018-04-22,13.0,Con heridos,Choque,0.0,No,170.0,C29,TRÁNSITO,AUTOMOVIL,PARTICULAR
2018-04-23,16.0,Solo daños,Choque,0.0,No,192.0,C29,TRÁNSITO,AUTOMOVIL,PARTICULAR
2018-04-24,22.0,Solo daños,Choque,0.0,No,228.0,C02,TRÁNSITO,AUTOMOVIL,PARTICULAR
2018-04-25,25.0,Solo daños,Choque,0.3,Sí,275.0,C02,TRÁNSITO,AUTOMOVIL,PARTICULAR
2018-04-26,25.0,Solo daños,Choque,0.0,No,251.0,C02,TRÁNSITO,AUTOMOVIL,PARTICULAR
2018-04-27,16.0,Solo daños,Choque,0.0,No,235.0,C02,TRÁNSITO,AUTOMOVIL,PARTICULAR
2018-04-28,14.0,Solo daños,Choque,0.0,No,254.0,C02,TRÁNSITO,AUTOMOVIL,PARTICULAR
2018-04-29,2.0,Con heridos,Choque,0.1,Sí,172.0,C29,TRÁNSITO,AUTOMOVIL,PARTICULAR
2018-04-30,16.0,Solo daños,Choque,0.0,No,290.0,C02,TRÁNSITO,AUTOMOVIL,PARTICULAR
2018-05-01,13.0,Con heridos,Choque,0.0,No,176.0,C29,TRÁNSITO,AUTOMOVIL,PARTICULAR
2018-05-02,19.0,Solo daños,Choque,0.0,No,263.0,C02,TRÁNSITO,AUTOMOVIL,PARTICULAR
2018-05-03,19.0,Solo daños,Choque,0.0,No,264.0,C02,TRÁNSITO,AUTOMOVIL,PARTICULAR
2018-05-04,14.0,Solo daños,Choque,0.0,No,269.0,C02,TRÁNSITO,AUTOMOVIL,PARTICULAR
2018-05-05,18.0,Solo daños,Choque,8.2,Sí,214.0,C02,TRÁNSITO,AUTOMOVIL,PARTICULAR
2018-05-06,9.0,Solo daños,Choque,0.0,No,156.0,C29,TRÁNSITO,AUTOMOVIL,PARTICULAR
2018-05-07,12.0,Solo daños,Choque,1.1,Sí,240.0,C02,TRÁNSITO,AUTOMOVIL,PARTICULAR
2018-05-08,19.0,Solo daños,Choque,0.2,Sí,233.0,C02,TRÁNSITO,AUTOMOVIL,PARTICULAR
2018-05-09,20.0,Solo daños,Choque,1.2,Sí,260.0,C02,TRÁNSITO,AUTOMOVIL,PARTICULAR
2018-05-10,17.0,Solo daños,Choque,0.0,No,250.0,C02,TRÁNSITO,AUTOMOVIL,PARTICULAR
2018-05-11,13.0,Solo daños,Choque,0.0,No,317.0,C02,TRÁNSITO,AUTOMOVIL,PARTICULAR
2018-05-12,19.0,Solo daños,Choque,0.0,No,270.0,C02,TRÁNSITO,AUTOMOVIL,PARTICULAR
2018-05-13,7.0,Solo daños,Choque,0.0,No,161.0,C29,TRÁNSITO,AUTOMOVIL,PARTICULAR
2018-05-14,10.0,Solo daños,Choque,28.0,Sí,113.0,C29,TRÁNSITO,AUTOMOVIL,PARTICULAR
2018-05-15,20.0,Solo daños,Choque,0.6000000000000001,Sí,219.0,C02,TRÁNSITO,AUTOMOVIL,PARTICULAR
2018-05-16,16.0,Solo daños,Choque,0.0,No,230.0,C02,TRÁNSITO,AUTOMOVIL,PARTICULAR
2018-05-17,12.0,Solo daños,Choque,0.0,No,207.0,C02,TRÁNSITO,AUTOMOVIL,PARTICULAR
2018-05-18,10.0,Solo daños,Choque,0.0,No,254.0,C02,TRÁNSITO,AUTOMOVIL,PARTICULAR
2018-05-19,12.0,Solo daños,Choque,0.2,Sí,228.0,C02,TRÁNSITO,AUTOMOVIL,PARTICULAR
2018-05-20,9.0,Solo daños,Choque,0.0,No,170.0,C29,TRÁNSITO,AUTOMOVIL,PARTICULAR
2018-05-21,17.0,Solo daños,Choque,0.30000000000000004,Sí,268.0,C02,TRÁNSITO,AUTOMOVIL,PARTICULAR
2018-05-22,17.0,Solo daños,Choque,0.0,No,228.0,C02,TRÁNSITO,AUTOMOVIL,PARTICULAR
2018-05-23,16.0,Solo daños,Choque,0.0,No,286.0,C02,TRÁNSITO,AUTOMOVIL,PARTICULAR
2018-05-24,16.0,Solo daños,Choque,0.0,No,233.0,C02,TRÁNSITO,AUTOMOVIL,PARTICULAR
2018-05-25,15.0,Solo daños,Choque,0.0,No,263.0,C02,TRÁNSITO,AUTOMOVIL,PARTICULAR
2018-05-26,16.0,Solo daños,Choque,10.0,Sí,163.0,C02,TRÁNSITO,AUTOMOVIL,PARTICULAR
2018-05-27,10.0,Solo daños,Choque,0.30000000000000004,Sí,100.0,C29,TRÁNSITO,AUTOMOVIL,PARTICULAR
2018-05-28,14.0,Solo daños,Choque,0.1,Sí,308.0,C02,TRÁNSITO,AUTOMOVIL,PARTICULAR
2018-05-29,26.0,Solo daños,Choque,0.0,No,258.0,C02,TRÁNSITO,AUTOMOVIL,PARTICULAR
2018-05-30,22.0,Solo daños,Choque,0.0,No,261.0,C02,TRÁNSITO,AUTOMOVIL,PARTICULAR
2018-05-31,21.0,Solo daños,Choque,0.0,No,311.0,C02,TRÁNSITO,AUTOMOVIL,PARTICULAR
2018-06-01,18.0,Solo daños,Choque,0.0,No,207.0,C02,TRÁNSITO,AUTOMOVIL,PARTICULAR
2018-06-02,18.0,Solo daños,Choque,0.0,No,274.0,C02,TRÁNSITO,AUTOMOVIL,PARTICULAR
2018-06-03,6.0,Con heridos,Choque,0.0,No,146.0,C29,TRÁNSITO,AUTOMOVIL,PARTICULAR
2018-06-04,11.0,Solo daños,Choque,0.0,No,142.0,C29,TRÁNSITO,AUTOMOVIL,PARTICULAR
2018-06-05,18.0,Solo daños,Choque,0.0,No,287.0,C02,TRÁNSITO,AUTOMOVIL,PARTICULAR
2018-06-06,13.0,Solo daños,Choque,0.0,No,325.0,C02,TRÁNSITO,AUTOMOVIL,PARTICULAR
2018-06-07,15.0,Solo daños,Choque,0.0,No,279.0,C02,TRÁNSITO,AUTOMOVIL,PARTICULAR
2018-06-08,34.0,Solo daños,Choque,0.0,No,286.0,C02,TRÁNSITO,AUTOMOVIL,PARTICULAR
2018-06-09,20.0,Solo daños,Choque,0.0,No,292.0,C02,TRÁNSITO,AUTOMOVIL,PARTICULAR
2018-06-10,18.0,Solo daños,Choque,0.0,No,134.0,C29,TRÁNSITO,AUTOMOVIL,PARTICULAR
2018-06-11,11.0,Solo daños,Choque,0.2,Sí,172.0,C29,TRÁNSITO,AUTOMOVIL,PARTICULAR
2018-06-12,22.0,Solo daños,Choque,0.0,No,307.0,C02,TRÁNSITO,AUTOMOVIL,PARTICULAR
2018-06-13,28.0,Solo daños,Choque,0.0,No,235.0,C02,TRÁNSITO,AUTOMOVIL,PARTICULAR
2018-06-14,11.0,Solo daños,Choque,0.0,No,229.0,C02,TRÁNSITO,AUTOMOVIL,PARTICULAR
2018-06-15,8.0,Solo daños,Choque,0.0,No,253.0,C02,TRÁNSITO,AUTOMOVIL,PARTICULAR
2018-06-16,17.0,Con heridos,Choque,0.1,Sí,217.0,C02,TRÁNSITO,AUTOMOVIL,PARTICULAR
2018-06-17,11.0,Solo daños,Choque,0.0,No,111.0,C29,TRÁNSITO,AUTOMOVIL,PARTICULAR
2018-06-18,23.0,Solo daños,Choque,0.0,No,194.0,C02,TRÁNSITO,AUTOMOVIL,PARTICULAR
2018-06-19,13.0,Solo daños,Choque,0.0,No,167.0,C02,TRÁNSITO,AUTOMOVIL,PARTICULAR
2018-06-20,14.0,Solo daños,Choque,0.0,No,207.0,C02,TRÁNSITO,AUTOMOVIL,PARTICULAR
2018-06-21,16.0,Solo daños,Choque,0.8,Sí,183.0,C02,TRÁNSITO,AUTOMOVIL,PARTICULAR
2018-06-22,16.0,Solo daños,Choque,0.0,No,211.0,C02,TRÁNSITO,AUTOMOVIL,PARTICULAR
2018-06-23,10.0,Solo daños,Choque,0.0,No,167.0,C02,TRÁNSITO,AUTOMOVIL,PARTICULAR
2018-06-24,17.0,Solo daños,Choque,0.4,Sí,161.0,C29,TRÁNSITO,AUTOMOVIL,PARTICULAR
2018-06-25,20.0,Solo daños,Choque,0.0,No,232.0,C02,TRÁNSITO,AUTOMOVIL,PARTICULAR
2018-06-26,13.0,Solo daños,Choque,0.0,No,241.0,C02,TRÁNSITO,AUTOMOVIL,PARTICULAR
2018-06-27,9.0,Solo daños,Choque,0.0,No,191.0,C02,TRÁNSITO,AUTOMOVIL,PARTICULAR
2018-06-28,12.0,Solo daños,Choque,0.0,No,217.0,C02,TRÁNSITO,AUTOMOVIL,PARTICULAR
2018-06-29,11.0,Solo daños,Choque,0.0,No,216.0,C02,TRÁNSITO,AUTOMOVIL,PARTICULAR
2018-06-30,10.0,Solo daños,Choque,0.0,No,226.0,C02,TRÁNSITO,AUTOMOVIL,PARTICULAR
2018-07-01,14.0,Solo daños,Choque,0.1,Sí,141.0,C29,TRÁNSITO,AUTOMOVIL,PARTICULAR
2018-07-02,11.0,Solo daños,Choque,0.2,Sí,161.0,C29,TRÁNSITO,AUTOMOVIL,PARTICULAR
2018-07-03,21.0,Solo daños,Choque,0.0,No,224.0,C02,TRÁNSITO,AUTOMOVIL,PARTICULAR
2018-07-04,18.0,Solo daños,Choque,0.0,No,198.0,C02,TRÁNSITO,AUTOMOVIL,PARTICULAR
2018-07-05,21.0,Solo daños,Choque,0.0,No,265.0,C02,TRÁNSITO,AUTOMOVIL,PARTICULAR
2018-07-06,13.0,Solo daños,Choque,0.0,No,208.0,C02,TRÁNSITO,AUTOMOVIL,PARTICULAR
2018-07-07,11.0,Solo daños,Choque,0.0,No,208.0,C02,TRÁNSITO,AUTOMOVIL,PARTICULAR
2018-07-08,12.0,Solo daños,Choque,0.0,No,135.0,C29,TRÁNSITO,AUTOMOVIL,PARTICULAR
2018-07-09,16.0,Solo daños,Choque,0.0,No,203.0,C02,TRÁNSITO,AUTOMOVIL,PARTICULAR
2018-07-10,13.0,Solo daños,Choque,0.0,No,189.0,C02,TRÁNSITO,AUTOMOVIL,PARTICULAR
2018-07-11,15.0,Solo daños,Choque,0.0,No,213.0,C02,TRÁNSITO,AUTOMOVIL,PARTICULAR
2018-07-12,19.0,Solo daños,Choque,0.0,No,206.0,C02,TRÁNSITO,AUTOMOVIL,PARTICULAR
2018-07-13,9.0,Solo daños,Choque,0.0,No,228.0,C02,TRÁNSITO,AUTOMOVIL,PARTICULAR
2018-07-14,7.0,Solo daños,Choque,0.0,No,249.0,C02,TRÁNSITO,AUTOMOVIL,PARTICULAR
2018-07-15,13.0,Solo daños,Choque,0.0,No,158.0,C29,TRÁNSITO,AUTOMOVIL,PARTICULAR
2018-07-16,24.0,Solo daños,Choque,0.0,No,201.0,C02,TRÁNSITO,AUTOMOVIL,PARTICULAR
2018-07-17,22.0,Solo daños,Choque,0.0,No,221.0,C02,TRÁNSITO,AUTOMOVIL,PARTICULAR
2018-07-18,20.0,Solo daños,Choque,0.0,No,248.0,C02,TRÁNSITO,AUTOMOVIL,PARTICULAR
2018-07-19,18.0,Solo daños,Choque,0.0,No,241.0,C02,TRÁNSITO,AUTOMOVIL,PARTICULAR
2018-07-20,10.0,Con heridos,Choque,0.0,No,125.0,C29,TRÁNSITO,AUTOMOVIL,PARTICULAR
2018-07-21,16.0,Solo daños,Choque,0.0,No,222.0,C02,TRÁNSITO,AUTOMOVIL,PARTICULAR
2018-07-22,5.0,Solo daños,Choque,0.0,No,152.0,C29,TRÁNSITO,AUTOMOVIL,PARTICULAR
2018-07-23,16.0,Solo daños,Choque,0.0,No,197.0,C02,TRÁNSITO,AUTOMOVIL,PARTICULAR
2018-07-24,12.0,Solo daños,Choque,0.0,No,229.0,C02,TRÁNSITO,AUTOMOVIL,PARTICULAR
2018-07-25,11.0,Solo daños,Choque,0.0,No,224.0,C02,TRÁNSITO,AUTOMOVIL,PARTICULAR
2018-07-26,14.0,Solo daños,Choque,0.0,No,224.0,C02,TRÁNSITO,AUTOMOVIL,PARTICULAR
2018-07-27,25.0,Solo daños,Choque,0.0,No,234.0,C02,TRÁNSITO,AUTOMOVIL,PARTICULAR
2018-07-28,14.0,Solo daños,Choque,0.0,No,262.0,C02,TRÁNSITO,AUTOMOVIL,PARTICULAR
2018-07-29,6.0,Con heridos,Choque,0.0,No,156.0,C29,TRÁNSITO,AUTOMOVIL,PARTICULAR
2018-07-30,10.0,Solo daños,Choque,0.0,No,223.0,C02,TRÁNSITO,AUTOMOVIL,PARTICULAR
2018-07-31,11.0,Solo daños,Choque,0.9,Sí,193.0,C02,TRÁNSITO,AUTOMOVIL,PARTICULAR
2018-08-01,20.0,Solo daños,Choque,0.0,No,203.0,C02,TRÁNSITO,AUTOMOVIL,PARTICULAR
2018-08-02,19.0,Solo daños,Choque,0.0,No,238.0,C02,TRÁNSITO,AUTOMOVIL,PARTICULAR
2018-08-03,15.0,Con heridos,Choque,0.0,No,187.0,C02,TRÁNSITO,AUTOMOVIL,PARTICULAR
2018-08-04,15.0,Solo daños,Choque,0.0,No,145.0,C02,TRÁNSITO,AUTOMOVIL,PARTICULAR
2018-08-05,6.0,Con heridos,Choque,0.0,No,184.0,C29,TRÁNSITO,AUTOMOVIL,PARTICULAR
2018-08-06,16.0,Solo daños,Choque,0.0,No,221.0,C02,TRÁNSITO,AUTOMOVIL,PARTICULAR
2018-08-07,12.0,Con heridos,Choque,0.0,No,179.0,C29,TRÁNSITO,AUTOMOVIL,PARTICULAR
2018-08-08,22.0,Solo daños,Choque,0.0,No,272.0,C02,TRÁNSITO,AUTOMOVIL,PARTICULAR
2018-08-09,16.0,Solo daños,Choque,0.0,No,227.0,C02,TRÁNSITO,AUTOMOVIL,PARTICULAR
2018-08-10,11.0,Solo daños,Choque,0.0,No,211.0,C02,TRÁNSITO,AUTOMOVIL,PARTICULAR
2018-08-11,18.0,Solo daños,Choque,0.0,No,233.0,C02,TRÁNSITO,AUTOMOVIL,PARTICULAR
2018-08-12,9.0,Solo daños,Choque,0.0,No,184.0,C29,TRÁNSITO,AUTOMOVIL,PARTICULAR
2018-08-13,18.0,Solo daños,Choque,0.0,No,243.0,C02,TRÁNSITO,AUTOMOVIL,PARTICULAR
2018-08-14,13.0,Solo daños,Choque,0.0,No,219.0,C02,TRÁNSITO,AUTOMOVIL,PARTICULAR
2018-08-15,21.0,Solo daños,Choque,5.2,Sí,194.0,C02,TRÁNSITO,AUTOMOVIL,PARTICULAR
2018-08-16,18.0,Solo daños,Choque,0.0,No,228.0,C02,TRÁNSITO,AUTOMOVIL,PARTICULAR
2018-08-17,22.0,Solo daños,Choque,0.0,No,215.0,C02,TRÁNSITO,AUTOMOVIL,PARTICULAR
2018-08-18,16.0,Con heridos,Choque,0.0,No,203.0,C02,TRÁNSITO,AUTOMOVIL,PARTICULAR
2018-08-19,10.0,Solo daños,Choque,0.0,No,112.0,C29,TRÁNSITO,AUTOMOVIL,PARTICULAR
2018-08-20,9.0,Solo daños,Choque,0.0,No,108.0,C29,TRÁNSITO,AUTOMOVIL,PARTICULAR
2018-08-21,24.0,Solo daños,Choque,0.0,No,219.0,C02,TRÁNSITO,AUTOMOVIL,PARTICULAR
2018-08-22,12.0,Solo daños,Choque,0.0,No,206.0,C02,TRÁNSITO,AUTOMOVIL,PARTICULAR
2018-08-23,14.0,Con heridos,Choque,3.4000000000000004,Sí,191.0,C02,TRÁNSITO,AUTOMOVIL,PARTICULAR
2018-08-24,9.0,Solo daños,Choque,0.0,No,196.0,C02,TRÁNSITO,AUTOMOVIL,PARTICULAR
2018-08-25,17.0,Solo daños,Choque,0.0,No,188.0,C02,TRÁNSITO,AUTOMOVIL,PARTICULAR
2018-08-26,8.0,Solo daños,Choque,3.3,Sí,114.0,C29,TRÁNSITO,AUTOMOVIL,PARTICULAR
2018-08-27,15.0,Solo daños,Choque,0.0,No,236.0,C02,TRÁNSITO,AUTOMOVIL,PARTICULAR
2018-08-28,17.0,Solo daños,Choque,0.0,No,173.0,C02,TRÁNSITO,AUTOMOVIL,PARTICULAR
2018-08-29,16.0,Solo daños,Choque,0.0,No,207.0,C02,TRÁNSITO,AUTOMOVIL,PARTICULAR
2018-08-30,11.0,Solo daños,Choque,0.0,No,219.0,C02,TRÁNSITO,AUTOMOVIL,PARTICULAR
2018-08-31,18.0,Solo daños,Choque,0.0,No,213.0,C02,TRÁNSITO,AUTOMOVIL,PARTICULAR
2018-09-01,19.0,Solo daños,Choque,0.0,No,247.0,C02,TRÁNSITO,AUTOMOVIL,PARTICULAR
2018-09-02,9.0,Solo daños,Choque,0.0,No,157.0,C29,TRÁNSITO,AUTOMOVIL,PARTICULAR
2018-09-03,19.0,Solo daños,Choque,0.0,No,260.0,C02,TRÁNSITO,AUTOMOVIL,PARTICULAR
2018-09-04,18.0,Solo daños,Choque,0.1,Sí,223.0,C02,TRÁNSITO,AUTOMOVIL,PARTICULAR
2018-09-05,21.0,Solo daños,Choque,0.4,Sí,216.0,C02,TRÁNSITO,AUTOMOVIL,PARTICULAR
2018-09-06,18.0,Solo daños,Choque,1.7000000000000002,Sí,232.0,C02,TRÁNSITO,AUTOMOVIL,PARTICULAR
2018-09-07,16.0,Solo daños,Choque,1.5,Sí,148.0,C02,TRÁNSITO,AUTOMOVIL,PARTICULAR
2018-09-08,20.0,Solo daños,Choque,0.0,No,223.0,C02,TRÁNSITO,AUTOMOVIL,PARTICULAR
2018-09-09,6.0,Solo daños,Choque,0.0,No,172.0,C29,TRÁNSITO,AUTOMOVIL,PARTICULAR
2018-09-10,19.0,Solo daños,Choque,0.0,No,251.0,C02,TRÁNSITO,AUTOMOVIL,PARTICULAR
2018-09-11,13.0,Solo daños,Choque,0.0,No,205.0,C02,TRÁNSITO,AUTOMOVIL,PARTICULAR
2018-09-12,15.0,Solo daños,Choque,0.0,No,194.0,C02,TRÁNSITO,AUTOMOVIL,PARTICULAR
2018-09-13,22.0,Solo daños,Choque,0.0,No,193.0,C02,TRÁNSITO,AUTOMOVIL,PARTICULAR
2018-09-14,16.0,Solo daños,Choque,0.0,No,233.0,C02,TRÁNSITO,AUTOMOVIL,PARTICULAR
2018-09-15,22.0,Solo daños,Choque,0.0,No,221.0,C02,TRÁNSITO,AUTOMOVIL,PARTICULAR
2018-09-16,13.0,Solo daños,Choque,0.0,No,146.0,C29,TRÁNSITO,AUTOMOVIL,PARTICULAR
2018-09-17,26.0,Solo daños,Choque,0.0,No,214.0,C02,TRÁNSITO,AUTOMOVIL,PARTICULAR
2018-09-18,19.0,Solo daños,Choque,0.0,No,210.0,C02,TRÁNSITO,AUTOMOVIL,PARTICULAR
2018-09-19,23.0,Solo daños,Choque,0.0,No,219.0,C02,TRÁNSITO,AUTOMOVIL,PARTICULAR
2018-09-20,25.0,Solo daños,Choque,0.0,No,182.0,C02,TRÁNSITO,AUTOMOVIL,PARTICULAR
2018-09-21,24.0,Solo daños,Choque,0.0,No,228.0,C02,TRÁNSITO,AUTOMOVIL,PARTICULAR
2018-09-22,15.0,Solo daños,Choque,0.3,Sí,196.0,C02,TRÁNSITO,AUTOMOVIL,PARTICULAR
2018-09-23,6.0,Con heridos,Choque,0.0,No,138.0,C29,TRÁNSITO,AUTOMOVIL,PARTICULAR
2018-09-24,24.0,Solo daños,Choque,0.0,No,220.0,C02,TRÁNSITO,AUTOMOVIL,PARTICULAR
2018-09-25,17.0,Solo daños,Choque,0.0,No,198.0,C02,TRÁNSITO,AUTOMOVIL,PARTICULAR
2018-09-26,26.0,Solo daños,Choque,0.0,No,211.0,C02,TRÁNSITO,AUTOMOVIL,PARTICULAR
2018-09-27,12.0,Solo daños,Choque,0.30000000000000004,Sí,236.0,C02,TRÁNSITO,AUTOMOVIL,PARTICULAR
2018-09-28,16.0,Solo daños,Choque,0.0,No,253.0,C02,TRÁNSITO,AUTOMOVIL,PARTICULAR
2018-09-29,21.0,Solo daños,Choque,0.0,No,266.0,C02,TRÁNSITO,AUTOMOVIL,PARTICULAR
2018-09-30,9.0,Solo daños,Choque,0.1,Sí,183.0,C29,TRÁNSITO,AUTOMOVIL,PARTICULAR
2018-10-01,19.0,Solo daños,Choque,5.0,Sí,248.0,C02,TRÁNSITO,AUTOMOVIL,PARTICULAR
2018-10-02,17.0,Solo daños,Choque,0.0,No,221.0,C02,TRÁNSITO,AUTOMOVIL,PARTICULAR
2018-10-03,19.0,Solo daños,Choque,0.5,Sí,258.0,C02,TRÁNSITO,AUTOMOVIL,PARTICULAR
2018-10-04,18.0,Solo daños,Choque,11.200000000000001,Sí,232.0,C02,TRÁNSITO,AUTOMOVIL,PARTICULAR
2018-10-05,22.0,Solo daños,Choque,7.0,Sí,230.0,C02,TRÁNSITO,AUTOMOVIL,PARTICULAR
2018-10-06,16.0,Solo daños,Choque,1.6,Sí,227.0,C02,TRÁNSITO,AUTOMOVIL,PARTICULAR
2018-10-07,8.0,Solo daños,Choque,0.30000000000000004,Sí,160.0,C29,TRÁNSITO,AUTOMOVIL,PARTICULAR
2018-10-08,13.0,Solo daños,Choque,11.1,Sí,265.0,C02,TRÁNSITO,AUTOMOVIL,PARTICULAR
2018-10-09,25.0,Solo daños,Choque,0.7999999999999999,Sí,231.0,C02,TRÁNSITO,AUTOMOVIL,PARTICULAR
2018-10-10,9.0,Solo daños,Choque,0.0,No,209.0,C02,TRÁNSITO,AUTOMOVIL,PARTICULAR
2018-10-11,17.0,Solo daños,Choque,1.2,Sí,218.0,C02,TRÁNSITO,AUTOMOVIL,PARTICULAR
2018-10-12,13.0,Solo daños,Choque,0.30000000000000004,Sí,203.0,C02,TRÁNSITO,AUTOMOVIL,PARTICULAR
2018-10-13,24.0,Solo daños,Choque,0.2,Sí,232.0,C02,TRÁNSITO,AUTOMOVIL,PARTICULAR
2018-10-14,11.0,Solo daños,Choque,0.0,No,151.0,C29,TRÁNSITO,AUTOMOVIL,PARTICULAR
2018-10-15,7.0,Con heridos,Choque,0.0,No,138.0,C29,TRÁNSITO,AUTOMOVIL,PARTICULAR
2018-10-16,22.0,Solo daños,Choque,0.0,No,230.0,C02,TRÁNSITO,AUTOMOVIL,PARTICULAR
2018-10-17,9.0,Solo daños,Choque,0.7,Sí,240.0,C02,TRÁNSITO,AUTOMOVIL,PARTICULAR
2018-10-18,11.0,Solo daños,Choque,0.0,No,264.0,C02,TRÁNSITO,AUTOMOVIL,PARTICULAR
2018-10-19,29.0,Solo daños,Choque,0.5,Sí,202.0,C02,TRÁNSITO,AUTOMOVIL,PARTICULAR
2018-10-20,10.0,Con heridos,Choque,0.0,No,256.0,C02,TRÁNSITO,AUTOMOVIL,PARTICULAR
2018-10-21,11.0,Solo daños,Choque,10.1,Sí,304.0,C29,TRÁNSITO,AUTOMOVIL,PARTICULAR
2018-10-22,17.0,Solo daños,Choque,1.5,Sí,325.0,C02,TRÁNSITO,AUTOMOVIL,PARTICULAR
2018-10-23,8.0,Solo daños,Choque,0.0,No,326.0,C02,TRÁNSITO,AUTOMOVIL,PARTICULAR
2018-10-24,20.0,Solo daños,Choque,0.0,No,295.0,C02,TRÁNSITO,AUTOMOVIL,PARTICULAR
2018-10-25,16.0,Solo daños,Choque,0.2,Sí,248.0,C02,TRÁNSITO,AUTOMOVIL,PARTICULAR
2018-10-26,18.0,Solo daños,Choque,0.0,No,277.0,C02,TRÁNSITO,AUTOMOVIL,PARTICULAR
2018-10-27,20.0,Solo daños,Choque,0.0,No,276.0,C02,TRÁNSITO,AUTOMOVIL,PARTICULAR
2018-10-28,13.0,Solo daños,Choque,0.0,No,231.0,C29,TRÁNSITO,AUTOMOVIL,PARTICULAR
2018-10-29,24.0,Solo daños,Choque,0.0,No,287.0,C02,TRÁNSITO,AUTOMOVIL,PARTICULAR
2018-10-30,21.0,Solo daños,Choque,0.0,No,237.0,C02,TRÁNSITO,AUTOMOVIL,PARTICULAR
2018-10-31,22.0,Solo daños,Choque,0.0,No,247.0,C29,TRÁNSITO,AUTOMOVIL,PARTICULAR
2018-11-01,17.0,Solo daños,Choque,0.0,No,326.0,C02,TRÁNSITO,AUTOMOVIL,PARTICULAR
2018-11-02,15.0,Solo daños,Choque,0.4,Sí,305.0,C02,TRÁNSITO,AUTOMOVIL,PARTICULAR
2018-11-03,20.0,Solo daños,Choque,0.1,Sí,256.0,C02,TRÁNSITO,AUTOMOVIL,PARTICULAR
2018-11-04,7.0,Solo daños,Choque,0.0,No,197.0,C29,TRÁNSITO,AUTOMOVIL,PARTICULAR
2018-11-05,7.0,Solo daños,Choque,0.0,No,261.0,C29,TRÁNSITO,AUTOMOVIL,PARTICULAR
2018-11-06,14.0,Solo daños,Choque,0.1,Sí,289.0,C02,TRÁNSITO,AUTOMOVIL,PARTICULAR
2018-11-07,17.0,Solo daños,Choque,0.0,No,296.0,C02,TRÁNSITO,AUTOMOVIL,PARTICULAR
2018-11-08,24.0,Solo daños,Choque,0.0,No,251.0,C02,TRÁNSITO,AUTOMOVIL,PARTICULAR
2018-11-09,10.0,Solo daños,Choque,0.0,No,288.0,C02,TRÁNSITO,AUTOMOVIL,PARTICULAR
2018-11-10,13.0,Solo daños,Choque,0.0,No,242.0,C02,TRÁNSITO,AUTOMOVIL,PARTICULAR
2018-11-11,8.0,Solo daños,Choque,0.0,No,201.0,C29,TRÁNSITO,AUTOMOVIL,PARTICULAR
2018-11-12,13.0,Solo daños,Choque,0.0,No,223.0,C29,TRÁNSITO,AUTOMOVIL,PARTICULAR
2018-11-13,25.0,Solo daños,Choque,0.0,No,259.0,C02,TRÁNSITO,AUTOMOVIL,PARTICULAR
2018-11-14,19.0,Solo daños,Choque,0.0,No,246.0,C02,TRÁNSITO,AUTOMOVIL,PARTICULAR
2018-11-15,12.0,Solo daños,Choque,0.0,No,259.0,C02,TRÁNSITO,AUTOMOVIL,PARTICULAR
2018-11-16,33.0,Solo daños,Choque,0.0,No,282.0,C02,TRÁNSITO,AUTOMOVIL,PARTICULAR
2018-11-17,22.0,Solo daños,Choque,0.0,No,260.0,C02,TRÁNSITO,AUTOMOVIL,PARTICULAR
2018-11-18,18.0,Solo daños,Choque,0.0,No,194.0,C29,TRÁNSITO,AUTOMOVIL,PARTICULAR
2018-11-19,22.0,Solo daños,Choque,0.0,No,286.0,C02,TRÁNSITO,AUTOMOVIL,PARTICULAR
2018-11-20,18.0,Solo daños,Choque,0.0,No,238.0,C02,TRÁNSITO,AUTOMOVIL,PARTICULAR
2018-11-21,12.0,Solo daños,Choque,0.0,No,283.0,C02,TRÁNSITO,AUTOMOVIL,PARTICULAR
2018-11-22,15.0,Solo daños,Choque,0.0,No,303.0,C02,TRÁNSITO,AUTOMOVIL,PARTICULAR
2018-11-23,15.0,Solo daños,Choque,0.0,No,288.0,C02,TRÁNSITO,AUTOMOVIL,PARTICULAR
2018-11-24,19.0,Solo daños,Choque,0.0,No,277.0,C02,TRÁNSITO,AUTOMOVIL,PARTICULAR
2018-11-25,16.0,Con heridos,Choque,0.0,No,208.0,C29,TRÁNSITO,AUTOMOVIL,PARTICULAR
2018-11-26,15.0,Solo daños,Choque,0.0,No,242.0,C02,TRÁNSITO,AUTOMOVIL,PARTICULAR
2018-11-27,13.0,Solo daños,Choque,0.0,No,281.0,C02,TRÁNSITO,AUTOMOVIL,PARTICULAR
2018-11-28,27.0,Solo daños,Choque,0.0,No,331.0,C02,TRÁNSITO,AUTOMOVIL,PARTICULAR
2018-11-29,16.0,Solo daños,Choque,0.0,No,267.0,C02,TRÁNSITO,AUTOMOVIL,PARTICULAR
2018-11-30,24.0,Solo daños,Choque,0.0,No,313.0,C02,TRÁNSITO,AUTOMOVIL,PARTICULAR
2018-12-01,17.0,Solo daños,Choque,0.0,No,309.0,C02,TRÁNSITO,AUTOMOVIL,PARTICULAR
2018-12-02,19.0,Solo daños,Choque,0.0,No,176.0,C29,TRÁNSITO,AUTOMOVIL,PARTICULAR
2018-12-03,25.0,Solo daños,Choque,0.0,No,268.0,C02,TRÁNSITO,AUTOMOVIL,PARTICULAR
2018-12-04,23.0,Solo daños,Choque,0.0,No,292.0,C02,TRÁNSITO,AUTOMOVIL,PARTICULAR
2018-12-05,20.0,Solo daños,Choque,0.0,No,228.0,C02,TRÁNSITO,AUTOMOVIL,PARTICULAR
2018-12-06,19.0,Solo daños,Choque,0.0,No,267.0,C02,TRÁNSITO,AUTOMOVIL,PARTICULAR
2018-12-07,21.0,Solo daños,Choque,0.0,No,286.0,C02,TRÁNSITO,AUTOMOVIL,PARTICULAR
2018-12-08,18.0,Solo daños,Choque,0.0,No,267.0,C29,TRÁNSITO,AUTOMOVIL,PARTICULAR
2018-12-09,6.0,Con heridos,Choque,0.0,No,195.0,C29,TRÁNSITO,AUTOMOVIL,PARTICULAR
2018-12-10,25.0,Solo daños,Choque,0.0,No,263.0,C02,TRÁNSITO,AUTOMOVIL,PARTICULAR
2018-12-11,19.0,Solo daños,Choque,0.0,No,251.0,C02,TRÁNSITO,AUTOMOVIL,PARTICULAR
2018-12-12,21.0,Solo daños,Choque,0.0,No,204.0,C02,TRÁNSITO,AUTOMOVIL,PARTICULAR
2018-12-13,12.0,Con heridos,Choque,0.0,No,275.0,C02,TRÁNSITO,AUTOMOVIL,PARTICULAR
2018-12-14,12.0,Solo daños,Choque,0.0,No,274.0,C02,TRÁNSITO,AUTOMOVIL,PARTICULAR
2018-12-15,15.0,Solo daños,Choque,0.0,No,287.0,C02,TRÁNSITO,AUTOMOVIL,PARTICULAR
2018-12-16,10.0,Con heridos,Choque,0.0,No,194.0,C29,TRÁNSITO,AUTOMOVIL,PARTICULAR
2018-12-17,19.0,Solo daños,Choque,0.0,No,249.0,C02,TRÁNSITO,AUTOMOVIL,PARTICULAR
2018-12-18,19.0,Solo daños,Choque,0.0,No,228.0,C02,TRÁNSITO,AUTOMOVIL,PARTICULAR
2018-12-19,21.0,Solo daños,Choque,0.0,No,191.0,C02,TRÁNSITO,AUTOMOVIL,PARTICULAR
2018-12-20,22.0,Solo daños,Choque,0.0,No,161.0,C02,TRÁNSITO,AUTOMOVIL,PARTICULAR
2018-12-21,15.0,Solo daños,Choque,0.0,No,205.0,C02,TRÁNSITO,AUTOMOVIL,PARTICULAR
2018-12-22,17.0,Solo daños,Choque,0.0,No,72.0,C29,TRÁNSITO,AUTOMOVIL,PARTICULAR
2018-12-23,19.0,Solo daños,Choque,0.0,No,107.0,C29,TRÁNSITO,AUTOMOVIL,PARTICULAR
2018-12-24,19.0,Solo daños,Choque,0.0,No,189.0,C29,TRÁNSITO,AUTOMOVIL,PARTICULAR
2018-12-25,7.0,Solo daños,Choque,0.0,No,230.0,C29,TRÁNSITO,AUTOMOVIL,PARTICULAR
2018-12-26,13.0,Solo daños,Choque,0.0,No,259.0,C02,TRÁNSITO,AUTOMOVIL,PARTICULAR
2018-12-27,15.0,Solo daños,Choque,0.0,No,239.0,C02,TRÁNSITO,AUTOMOVIL,PARTICULAR
2018-12-28,21.0,Solo daños,Choque,0.0,No,257.0,C02,TRÁNSITO,AUTOMOVIL,PARTICULAR
2018-12-29,15.0,Solo daños,Choque,0.0,No,226.0,C02,TRÁNSITO,AUTOMOVIL,PARTICULAR
2018-12-30,9.0,Solo daños,Choque,0.0,No,189.0,C29,TRÁNSITO,AUTOMOVIL,PARTICULAR
2018-12-31,10.0,Solo daños,Choque,0.0,No,244.0,C29,TRÁNSITO,AUTOMOVIL,PARTICULAR
2019-01-01,6.0,Con heridos,Choque,0.0,No,330.0,C29,TRÁNSITO,AUTOMOVIL,PARTICULAR
2019-01-02,12.0,Solo daños,Choque,0.0,No,331.0,C02,TRÁNSITO,AUTOMOVIL,PARTICULAR
2019-01-03,13.0,Solo daños,Choque,0.0,No,288.0,C02,TRÁNSITO,AUTOMOVIL,PARTICULAR
2019-01-04,16.0,Solo daños,Choque,0.0,No,293.0,C02,TRÁNSITO,AUTOMOVIL,PARTICULAR
2019-01-05,12.0,Solo daños,Choque,0.0,No,335.0,C02,TRÁNSITO,AUTOMOVIL,PARTICULAR
2019-01-06,15.0,Solo daños,Choque,0.0,No,280.0,C29,TRÁNSITO,AUTOMOVIL,PARTICULAR
2019-01-07,6.0,Solo daños,Choque,0.0,No,244.0,C29,TRÁNSITO,AUTOMOVIL,PARTICULAR
2019-01-08,17.0,Con heridos,Choque,0.0,No,246.0,C02,TRÁNSITO,AUTOMOVIL,PARTICULAR
2019-01-09,18.0,Solo daños,Choque,0.0,No,138.0,C29,TRÁNSITO,AUTOMOVIL,PARTICULAR
2019-01-10,12.0,Solo daños,Choque,0.0,No,123.0,C29,TRÁNSITO,AUTOMOVIL,PARTICULAR
2019-01-11,11.0,Solo daños,Choque,0.0,No,146.0,C29,TRÁNSITO,AUTOMOVIL,PARTICULAR
2019-01-12,15.0,Solo daños,Choque,0.0,No,147.0,C29,TRÁNSITO,AUTOMOVIL,PARTICULAR
2019-01-13,14.0,Solo daños,Choque,0.0,No,235.0,C29,TRÁNSITO,AUTOMOVIL,PARTICULAR
2019-01-14,21.0,Solo daños,Choque,0.0,No,158.0,C29,TRÁNSITO,AUTOMOVIL,PARTICULAR
2019-01-15,22.0,Solo daños,Choque,0.0,No,99.0,C29,TRÁNSITO,AUTOMOVIL,PARTICULAR
2019-01-16,22.0,Solo daños,Choque,0.0,No,161.0,C29,TRÁNSITO,AUTOMOVIL,PARTICULAR
2019-01-17,23.0,Solo daños,Choque,0.0,No,157.0,C29,TRÁNSITO,AUTOMOVIL,PARTICULAR
2019-01-18,15.0,Solo daños,Choque,0.0,No,124.0,C29,TRÁNSITO,AUTOMOVIL,PARTICULAR
2019-01-19,22.0,Solo daños,Choque,0.0,No,152.0,C29,TRÁNSITO,AUTOMOVIL,PARTICULAR
2019-01-20,14.0,Solo daños,Choque,0.0,No,202.0,C29,TRÁNSITO,AUTOMOVIL,PARTICULAR
2019-01-21,14.0,Con heridos,Choque,0.0,No,176.0,C29,TRÁNSITO,AUTOMOVIL,PARTICULAR
2019-01-22,18.0,Solo daños,Choque,0.0,No,183.0,C29,TRÁNSITO,AUTOMOVIL,PARTICULAR
2019-01-23,25.0,Solo daños,Choque,0.0,No,213.0,C29,TRÁNSITO,AUTOMOVIL,PARTICULAR
2019-01-24,8.0,Solo daños,Choque,0.0,No,224.0,C29,TRÁNSITO,AUTOMOVIL,PARTICULAR
2019-01-25,19.0,Solo daños,Choque,0.0,No,212.0,C29,TRÁNSITO,AUTOMOVIL,PARTICULAR
2019-01-26,12.0,Solo daños,Choque,0.0,No,181.0,C29,TRÁNSITO,AUTOMOVIL,PARTICULAR
2019-01-27,7.0,Con heridos,Choque,0.0,No,257.0,C29,TRÁNSITO,AUTOMOVIL,PARTICULAR
2019-01-28,18.0,Solo daños,Choque,0.0,No,182.0,C29,TRÁNSITO,AUTOMOVIL,PARTICULAR
2019-01-29,20.0,Solo daños,Choque,0.0,No,230.0,C02,TRÁNSITO,AUTOMOVIL,PARTICULAR
2019-01-30,16.0,Solo daños,Choque,0.0,No,252.0,C02,TRÁNSITO,AUTOMOVIL,PARTICULAR
2019-01-31,18.0,Solo daños,Choque,0.0,No,229.0,C02,TRÁNSITO,AUTOMOVIL,PARTICULAR
2019-02-01,20.0,Solo daños,Choque,0.0,No,254.0,C02,TRÁNSITO,AUTOMOVIL,PARTICULAR
2019-02-02,20.0,Solo daños,Choque,0.0,No,253.0,C29,TRÁNSITO,AUTOMOVIL,PARTICULAR
2019-02-03,14.0,Solo daños,Choque,0.0,No,253.0,C29,TRÁNSITO,AUTOMOVIL,PARTICULAR
2019-02-04,16.0,Solo daños,Choque,0.0,No,280.0,C29,TRÁNSITO,AUTOMOVIL,PARTICULAR
2019-02-05,14.0,Solo daños,Choque,0.0,No,268.0,C02,TRÁNSITO,AUTOMOVIL,PARTICULAR
2019-02-06,14.0,Solo daños,Choque,0.0,No,249.0,C02,TRÁNSITO,AUTOMOVIL,PARTICULAR
2019-02-07,16.0,Solo daños,Choque,0.0,No,266.0,C29,TRÁNSITO,AUTOMOVIL,PARTICULAR
2019-02-08,26.0,Solo daños,Choque,0.0,No,249.0,C29,TRÁNSITO,AUTOMOVIL,PARTICULAR
2019-02-09,14.0,Solo daños,Choque,0.0,No,264.0,C29,TRÁNSITO,AUTOMOVIL,PARTICULAR
2019-02-10,12.0,Con heridos,Choque,0.0,No,285.0,C29,TRÁNSITO,AUTOMOVIL,PARTICULAR
2019-02-11,20.0,Solo daños,Choque,0.0,No,269.0,C29,TRÁNSITO,AUTOMOVIL,PARTICULAR
2019-02-12,20.0,Solo daños,Choque,0.0,No,272.0,C02,TRÁNSITO,AUTOMOVIL,PARTICULAR
2019-02-13,20.0,Solo daños,Choque,0.0,No,258.0,C29,TRÁNSITO,AUTOMOVIL,PARTICULAR
2019-02-14,13.0,Solo daños,Choque,0.0,No,281.0,C02,TRÁNSITO,AUTOMOVIL,PARTICULAR
2019-02-15,16.0,Solo daños,Choque,0.0,No,279.0,C29,TRÁNSITO,AUTOMOVIL,PARTICULAR
2019-02-16,12.0,Solo daños,Choque,0.0,No,308.0,C02,TRÁNSITO,AUTOMOVIL,PARTICULAR
2019-02-17,13.0,Solo daños,Choque,0.0,No,249.0,C29,TRÁNSITO,AUTOMOVIL,PARTICULAR
2019-02-18,26.0,Solo daños,Choque,0.0,No,261.0,C29,TRÁNSITO,AUTOMOVIL,PARTICULAR
2019-02-19,11.0,Solo daños,Choque,0.0,No,290.0,C02,TRÁNSITO,AUTOMOVIL,PARTICULAR
2019-02-20,13.0,Solo daños,Choque,0.0,No,288.0,C02,TRÁNSITO,AUTOMOVIL,PARTICULAR
2019-02-21,21.0,Solo daños,Choque,0.0,No,386.0,C02,TRÁNSITO,AUTOMOVIL,PARTICULAR
2019-02-22,20.0,Solo daños,Choque,0.0,No,367.0,C29,TRÁNSITO,AUTOMOVIL,PARTICULAR
2019-02-23,16.0,Solo daños,Choque,0.0,No,276.0,C02,TRÁNSITO,AUTOMOVIL,PARTICULAR
2019-02-24,14.0,Con heridos,Choque,0.0,No,228.0,C29,TRÁNSITO,AUTOMOVIL,PARTICULAR
2019-02-25,22.0,Solo daños,Choque,0.0,No,301.0,C29,TRÁNSITO,AUTOMOVIL,PARTICULAR
2019-02-26,14.0,Solo daños,Choque,0.0,No,297.0,C02,TRÁNSITO,AUTOMOVIL,PARTICULAR
2019-02-27,16.0,Solo daños,Choque,0.0,No,316.0,C29,TRÁNSITO,AUTOMOVIL,PARTICULAR
2019-02-28,13.0,Solo daños,Choque,0.0,No,381.0,C29,TRÁNSITO,AUTOMOVIL,PARTICULAR
2019-03-01,21.0,Solo daños,Choque,0.0,No,380.0,C02,TRÁNSITO,AUTOMOVIL,PARTICULAR
2019-03-02,12.0,Con heridos,Choque,0.0,No,285.0,C29,TRÁNSITO,AUTOMOVIL,PARTICULAR
2019-03-03,12.0,Con heridos,Choque,0.0,No,327.0,C29,TRÁNSITO,AUTOMOVIL,PARTICULAR
2019-03-04,11.0,Solo daños,Choque,0.0,No,330.0,C29,TRÁNSITO,AUTOMOVIL,PARTICULAR
2019-03-05,9.0,Con heridos,Choque,0.0,No,401.0,C29,TRÁNSITO,AUTOMOVIL,PARTICULAR
2019-03-06,13.0,Solo daños,Choque,0.0,No,340.0,C02,TRÁNSITO,AUTOMOVIL,PARTICULAR
2019-03-07,17.0,Solo daños,Choque,0.0,No,274.0,C29,TRÁNSITO,AUTOMOVIL,PARTICULAR
2019-03-08,16.0,Solo daños,Choque,0.0,No,274.0,C02,TRÁNSITO,AUTOMOVIL,PARTICULAR
2019-03-09,17.0,Solo daños,Choque,0.0,No,255.0,C02,TRÁNSITO,AUTOMOVIL,PARTICULAR
2019-03-10,9.0,Solo daños,Choque,0.0,No,271.0,C29,TRÁNSITO,AUTOMOVIL,PARTICULAR
2019-03-11,17.0,Solo daños,Choque,0.0,No,341.0,C02,TRÁNSITO,AUTOMOVIL,PARTICULAR
2019-03-12,19.0,Solo daños,Choque,0.0,No,350.0,C02,TRÁNSITO,AUTOMOVIL,PARTICULAR
2019-03-13,14.0,Solo daños,Choque,0.0,No,342.0,C02,TRÁNSITO,AUTOMOVIL,PARTICULAR
2019-03-14,17.0,Solo daños,Choque,0.0,No,337.0,C02,TRÁNSITO,AUTOMOVIL,PARTICULAR
2019-03-15,22.0,Solo daños,Choque,0.0,No,282.0,C02,TRÁNSITO,AUTOMOVIL,PARTICULAR
2019-03-16,18.0,Solo daños,Choque,0.0,No,222.0,C29,TRÁNSITO,AUTOMOVIL,PARTICULAR
2019-03-17,14.0,Solo daños,Choque,0.0,No,238.0,C29,TRÁNSITO,AUTOMOVIL,PARTICULAR
2019-03-18,26.0,Solo daños,Choque,0.0,No,320.0,C02,TRÁNSITO,AUTOMOVIL,PARTICULAR
2019-03-19,21.0,Solo daños,Choque,0.0,No,317.0,C02,TRÁNSITO,AUTOMOVIL,PARTICULAR
2019-03-20,15.0,Solo daños,Choque,0.0,No,309.0,C02,TRÁNSITO,AUTOMOVIL,PARTICULAR
2019-03-21,24.0,Solo daños,Choque,0.0,No,332.0,C02,TRÁNSITO,AUTOMOVIL,PARTICULAR
2019-03-22,11.0,Solo daños,Choque,0.0,No,319.0,C02,TRÁNSITO,AUTOMOVIL,PARTICULAR
2019-03-23,13.0,Solo daños,Choque,0.0,No,345.0,C02,TRÁNSITO,AUTOMOVIL,PARTICULAR
2019-03-24,6.0,Solo daños,Choque,0.0,No,279.0,C29,TRÁNSITO,AUTOMOVIL,PARTICULAR
2019-03-25,7.0,Solo daños,Choque,0.0,No,264.0,C29,TRÁNSITO,AUTOMOVIL,PARTICULAR
2019-03-26,19.0,Solo daños,Choque,0.0,No,314.0,C02,TRÁNSITO,AUTOMOVIL,PARTICULAR
2019-03-27,11.0,Solo daños,Choque,0.0,No,315.0,C02,TRÁNSITO,AUTOMOVIL,PARTICULAR
2019-03-28,17.0,Solo daños,Choque,0.0,No,313.0,C02,TRÁNSITO,AUTOMOVIL,PARTICULAR
2019-03-29,9.0,Solo daños,Choque,0.0,No,300.0,C02,TRÁNSITO,AUTOMOVIL,PARTICULAR
2019-03-30,20.0,Solo daños,Choque,0.0,No,295.0,C02,TRÁNSITO,AUTOMOVIL,PARTICULAR
2019-03-31,5.0,Con heridos,Choque,0.0,No,234.0,C29,TRÁNSITO,AUTOMOVIL,PARTICULAR
2019-04-01,21.0,Solo daños,Choque,0.0,No,289.0,C02,TRÁNSITO,AUTOMOVIL,PARTICULAR
2019-04-02,13.0,Solo daños,Choque,0.0,No,295.0,C29,TRÁNSITO,AUTOMOVIL,PARTICULAR
2019-04-03,20.0,Solo daños,Choque,0.0,No,300.0,C02,TRÁNSITO,AUTOMOVIL,PARTICULAR
2019-04-04,18.0,Solo daños,Choque,0.0,No,343.0,C02,TRÁNSITO,AUTOMOVIL,PARTICULAR
2019-04-05,18.0,Solo daños,Choque,0.0,No,318.0,C02,TRÁNSITO,AUTOMOVIL,PARTICULAR
2019-04-06,15.0,Solo daños,Choque,0.0,No,309.0,C02,TRÁNSITO,AUTOMOVIL,PARTICULAR
2019-04-07,11.0,Solo daños,Choque,0.0,No,241.0,C29,TRÁNSITO,AUTOMOVIL,PARTICULAR
2019-04-08,18.0,Solo daños,Choque,0.0,No,335.0,C02,TRÁNSITO,AUTOMOVIL,PARTICULAR
2019-04-09,18.0,Solo daños,Choque,0.0,No,290.0,C02,TRÁNSITO,AUTOMOVIL,PARTICULAR
2019-04-10,19.0,Solo daños,Choque,0.0,No,263.0,C02,TRÁNSITO,AUTOMOVIL,PARTICULAR
2019-04-11,22.0,Solo daños,Choque,0.0,No,356.0,C02,TRÁNSITO,AUTOMOVIL,PARTICULAR
2019-04-12,11.0,Solo daños,Choque,0.0,No,321.0,C02,TRÁNSITO,AUTOMOVIL,PARTICULAR
2019-04-13,18.0,Solo daños,Choque,0.0,No,354.0,C02,TRÁNSITO,AUTOMOVIL,PARTICULAR
2019-04-14,15.0,Con heridos,Choque,0.0,No,259.0,C29,TRÁNSITO,AUTOMOVIL,PARTICULAR
2019-04-15,18.0,Solo daños,Choque,0.0,No,289.0,C02,TRÁNSITO,AUTOMOVIL,PARTICULAR
2019-04-16,18.0,Solo daños,Choque,0.0,No,287.0,C02,TRÁNSITO,AUTOMOVIL,PARTICULAR
2019-04-17,12.0,Solo daños,Choque,0.0,No,337.0,C02,TRÁNSITO,AUTOMOVIL,PARTICULAR
2019-04-18,6.0,Solo daños,Choque,0.0,No,333.0,C29,TRÁNSITO,AUTOMOVIL,PARTICULAR
2019-04-19,10.0,Solo daños,Choque,0.0,No,422.0,C29,TRÁNSITO,AUTOMOVIL,PARTICULAR
2019-04-20,6.0,Solo daños,Choque,0.0,No,272.0,C29,TRÁNSITO,AUTOMOVIL,PARTICULAR
2019-04-21,16.0,Solo daños,Choque,0.0,No,306.0,C29,TRÁNSITO,AUTOMOVIL,PARTICULAR
2019-04-22,13.0,Solo daños,Choque,0.0,No,344.0,C02,TRÁNSITO,AUTOMOVIL,PARTICULAR
2019-04-23,19.0,Solo daños,Choque,0.0,No,315.0,C02,TRÁNSITO,AUTOMOVIL,PARTICULAR
2019-04-24,13.0,Con heridos,Choque,0.0,No,315.0,C02,TRÁNSITO,AUTOMOVIL,PARTICULAR
2019-04-25,13.0,Solo daños,Choque,0.0,No,368.0,C02,TRÁNSITO,AUTOMOVIL,PARTICULAR
2019-04-26,16.0,Solo daños,Choque,0.0,No,293.0,C02,TRÁNSITO,AUTOMOVIL,PARTICULAR
2019-04-27,15.0,Solo daños,Choque,0.0,No,369.0,C02,TRÁNSITO,AUTOMOVIL,PARTICULAR
2019-04-28,14.0,Solo daños,Choque,0.0,No,259.0,C29,TRÁNSITO,AUTOMOVIL,PARTICULAR
2019-04-29,15.0,Solo daños,Choque,0.0,No,344.0,C02,TRÁNSITO,AUTOMOVIL,PARTICULAR
2019-04-30,23.0,Solo daños,Choque,0.0,No,249.0,C02,TRÁNSITO,AUTOMOVIL,PARTICULAR
2019-05-01,16.0,Solo daños,Choque,0.0,No,274.0,C29,TRÁNSITO,AUTOMOVIL,PARTICULAR
2019-05-02,9.0,Solo daños,Choque,0.0,No,296.0,C02,TRÁNSITO,AUTOMOVIL,PARTICULAR
2019-05-03,14.0,Solo daños,Choque,0.0,No,298.0,C02,TRÁNSITO,AUTOMOVIL,PARTICULAR
2019-05-04,12.0,Solo daños,Choque,0.0,No,362.0,C02,TRÁNSITO,AUTOMOVIL,PARTICULAR
2019-05-05,11.0,Solo daños,Choque,0.0,No,225.0,C29,TRÁNSITO,AUTOMOVIL,PARTICULAR
2019-05-06,20.0,Solo daños,Choque,0.0,No,323.0,C02,TRÁNSITO,AUTOMOVIL,PARTICULAR
2019-05-07,17.0,Con heridos,Choque,0.0,No,390.0,C02,TRÁNSITO,AUTOMOVIL,PARTICULAR
2019-05-08,9.0,Solo daños,Choque,0.0,No,177.0,C29,TRÁNSITO,AUTOMOVIL,PARTICULAR
2019-05-09,11.0,Solo daños,Choque,0.2,Sí,387.0,C02,TRÁNSITO,AUTOMOVIL,PARTICULAR
2019-05-10,19.0,Solo daños,Choque,0.0,No,409.0,C02,TRÁNSITO,AUTOMOVIL,PARTICULAR
2019-05-11,18.0,Solo daños,Choque,0.0,No,333.0,C02,TRÁNSITO,AUTOMOVIL,PARTICULAR
2019-05-12,7.0,Solo daños,Choque,0.4,Sí,241.0,C29,TRÁNSITO,AUTOMOVIL,PARTICULAR
2019-05-13,14.0,Solo daños,Choque,0.0,No,266.0,C02,TRÁNSITO,AUTOMOVIL,PARTICULAR
2019-05-14,15.0,Solo daños,Choque,0.0,No,339.0,C02,TRÁNSITO,AUTOMOVIL,PARTICULAR
2019-05-15,22.0,Solo daños,Choque,0.5,Sí,399.0,C02,TRÁNSITO,AUTOMOVIL,PARTICULAR
2019-05-16,14.0,Solo daños,Choque,0.1,Sí,272.0,C02,TRÁNSITO,AUTOMOVIL,PARTICULAR
2019-05-17,16.0,Solo daños,Choque,0.0,No,410.0,C02,TRÁNSITO,AUTOMOVIL,PARTICULAR
2019-05-18,14.0,Solo daños,Choque,0.1,Sí,386.0,C02,TRÁNSITO,AUTOMOVIL,PARTICULAR
2019-05-19,7.0,Solo daños,Choque,0.0,No,238.0,C29,TRÁNSITO,AUTOMOVIL,PARTICULAR
2019-05-20,18.0,Solo daños,Choque,0.4,Sí,365.0,C02,TRÁNSITO,AUTOMOVIL,PARTICULAR
2019-05-21,13.0,Solo daños,Choque,0.1,Sí,335.0,C02,TRÁNSITO,AUTOMOVIL,PARTICULAR
2019-05-22,31.0,Con heridos,Choque,0.0,No,339.0,C02,TRÁNSITO,AUTOMOVIL,PARTICULAR
2019-05-23,18.0,Solo daños,Choque,0.0,No,302.0,C02,TRÁNSITO,AUTOMOVIL,PARTICULAR
2019-05-24,21.0,Solo daños,Choque,0.1,Sí,265.0,C02,TRÁNSITO,AUTOMOVIL,PARTICULAR
2019-05-25,14.0,Solo daños,Choque,0.1,Sí,320.0,C02,TRÁNSITO,AUTOMOVIL,PARTICULAR
2019-05-26,15.0,Solo daños,Choque,0.0,No,175.0,C29,TRÁNSITO,AUTOMOVIL,PARTICULAR
2019-05-27,15.0,Con heridos,Choque,0.1,Sí,275.0,C02,TRÁNSITO,AUTOMOVIL,PARTICULAR
2019-05-28,18.0,Solo daños,Choque,0.0,No,325.0,C02,TRÁNSITO,AUTOMOVIL,PARTICULAR
2019-05-29,17.0,Solo daños,Choque,0.1,Sí,356.0,C02,TRÁNSITO,AUTOMOVIL,PARTICULAR
2019-05-30,17.0,Solo daños,Choque,0.2,Sí,410.0,C02,TRÁNSITO,AUTOMOVIL,PARTICULAR
2019-05-31,23.0,Solo daños,Choque,0.1,Sí,351.0,C02,TRÁNSITO,AUTOMOVIL,PARTICULAR
2019-06-01,12.0,Con heridos,Choque,0.1,Sí,317.0,C02,TRÁNSITO,AUTOMOVIL,PARTICULAR
2019-06-02,8.0,Solo daños,Choque,0.0,No,284.0,C29,TRÁNSITO,AUTOMOVIL,PARTICULAR
2019-06-03,8.0,Con heridos,Choque,0.0,No,293.0,C29,TRÁNSITO,AUTOMOVIL,PARTICULAR
2019-06-04,17.0,Solo daños,Choque,0.0,No,332.0,C02,TRÁNSITO,AUTOMOVIL,PARTICULAR
2019-06-05,17.0,Solo daños,Choque,0.1,Sí,322.0,C02,TRÁNSITO,AUTOMOVIL,PARTICULAR
2019-06-06,20.0,Solo daños,Choque,0.0,No,383.0,C02,TRÁNSITO,AUTOMOVIL,PARTICULAR
2019-06-07,16.0,Solo daños,Choque,14.0,Sí,397.0,C02,TRÁNSITO,AUTOMOVIL,PARTICULAR
2019-06-08,15.0,Solo daños,Choque,0.0,No,367.0,C02,TRÁNSITO,AUTOMOVIL,PARTICULAR
2019-06-09,10.0,Solo daños,Choque,0.0,No,194.0,C29,TRÁNSITO,AUTOMOVIL,PARTICULAR
2019-06-10,12.0,Solo daños,Choque,0.2,Sí,328.0,C02,TRÁNSITO,AUTOMOVIL,PARTICULAR
2019-06-11,13.0,Solo daños,Choque,0.8999999999999999,Sí,372.0,C02,TRÁNSITO,AUTOMOVIL,PARTICULAR
2019-06-12,15.0,Solo daños,Choque,0.1,Sí,362.0,C02,TRÁNSITO,AUTOMOVIL,PARTICULAR
2019-06-13,20.0,Solo daños,Choque,0.0,No,379.0,C02,TRÁNSITO,AUTOMOVIL,PARTICULAR
2019-06-14,17.0,Solo daños,Choque,0.0,No,385.0,C02,TRÁNSITO,AUTOMOVIL,PARTICULAR
2019-06-15,20.0,Solo daños,Choque,0.0,No,354.0,C02,TRÁNSITO,AUTOMOVIL,PARTICULAR
2019-06-16,10.0,Solo daños,Choque,0.0,No,221.0,C29,TRÁNSITO,AUTOMOVIL,PARTICULAR
2019-06-17,12.0,Solo daños,Choque,0.0,No,298.0,C02,TRÁNSITO,AUTOMOVIL,PARTICULAR
2019-06-18,25.0,Solo daños,Choque,0.0,No,278.0,C02,TRÁNSITO,AUTOMOVIL,PARTICULAR
2019-06-19,15.0,Solo daños,Choque,0.0,No,297.0,C02,TRÁNSITO,AUTOMOVIL,PARTICULAR
2019-06-20,16.0,Solo daños,Choque,0.0,No,292.0,C02,TRÁNSITO,AUTOMOVIL,PARTICULAR
2019-06-21,12.0,Solo daños,Choque,0.0,No,337.0,C02,TRÁNSITO,AUTOMOVIL,PARTICULAR
2019-06-22,8.0,Solo daños,Choque,0.0,No,335.0,C02,TRÁNSITO,AUTOMOVIL,PARTICULAR
2019-06-23,18.0,Solo daños,Choque,0.0,No,302.0,C29,TRÁNSITO,AUTOMOVIL,PARTICULAR
2019-06-24,3.0,Solo daños,Choque,0.1,Sí,181.0,C29,TRÁNSITO,AUTOMOVIL,PARTICULAR
2019-06-25,25.0,Solo daños,Choque,3.5,Sí,366.0,C02,TRÁNSITO,AUTOMOVIL,PARTICULAR
2019-06-26,14.0,Solo daños,Choque,0.0,No,321.0,C02,TRÁNSITO,AUTOMOVIL,PARTICULAR
2019-06-27,19.0,Solo daños,Choque,0.0,No,361.0,C02,TRÁNSITO,AUTOMOVIL,PARTICULAR
2019-06-28,20.0,Solo daños,Choque,0.0,No,253.0,C02,TRÁNSITO,AUTOMOVIL,PARTICULAR
2019-06-29,17.0,Solo daños,Choque,0.0,No,315.0,C02,TRÁNSITO,AUTOMOVIL,PARTICULAR
2019-06-30,5.0,Solo daños,Choque,0.0,No,294.0,C29,TRÁNSITO,AUTOMOVIL,PARTICULAR
2019-07-01,8.0,Con heridos,Choque,0.0,No,280.0,C29,TRÁNSITO,AUTOMOVIL,PARTICULAR
2019-07-02,20.0,Solo daños,Choque,0.0,No,278.0,C02,TRÁNSITO,AUTOMOVIL,PARTICULAR
2019-07-03,17.0,Solo daños,Choque,0.0,No,274.0,C02,TRÁNSITO,AUTOMOVIL,PARTICULAR
2019-07-04,11.0,Solo daños,Choque,0.0,No,303.0,C02,TRÁNSITO,AUTOMOVIL,PARTICULAR
2019-07-05,16.0,Solo daños,Choque,0.0,No,300.0,C02,TRÁNSITO,AUTOMOVIL,PARTICULAR
2019-07-06,15.0,Solo daños,Choque,0.0,No,404.0,C02,TRÁNSITO,AUTOMOVIL,PARTICULAR
2019-07-07,4.0,Solo daños,Choque,0.0,No,320.0,C29,TRÁNSITO,AUTOMOVIL,PARTICULAR
2019-07-08,15.0,Solo daños,Choque,0.30000000000000004,Sí,298.0,C02,TRÁNSITO,AUTOMOVIL,PARTICULAR
2019-07-09,16.0,Solo daños,Choque,0.0,No,316.0,C02,TRÁNSITO,AUTOMOVIL,PARTICULAR
2019-07-10,12.0,Solo daños,Choque,0.0,No,321.0,C02,TRÁNSITO,AUTOMOVIL,PARTICULAR
2019-07-11,13.0,Solo daños,Choque,0.0,No,336.0,C02,TRÁNSITO,AUTOMOVIL,PARTICULAR
2019-07-12,16.0,Solo daños,Choque,0.0,No,318.0,C02,TRÁNSITO,AUTOMOVIL,PARTICULAR
2019-07-13,16.0,Con heridos,Choque,0.0,No,351.0,C02,TRÁNSITO,AUTOMOVIL,PARTICULAR
2019-07-14,11.0,Solo daños,Choque,0.1,Sí,227.0,C29,TRÁNSITO,AUTOMOVIL,PARTICULAR
2019-07-15,13.0,Solo daños,Choque,0.0,No,355.0,C02,TRÁNSITO,AUTOMOVIL,PARTICULAR
2019-07-16,15.0,Solo daños,Choque,0.0,No,396.0,C02,TRÁNSITO,AUTOMOVIL,PARTICULAR
2019-07-17,8.0,Solo daños,Choque,0.0,No,267.0,C02,TRÁNSITO,AUTOMOVIL,PARTICULAR
2019-07-18,21.0,Con heridos,Choque,0.0,No,314.0,C02,TRÁNSITO,AUTOMOVIL,PARTICULAR
2019-07-19,16.0,Solo daños,Choque,0.0,No,352.0,C02,TRÁNSITO,AUTOMOVIL,PARTICULAR
2019-07-20,11.0,Solo daños,Choque,0.0,No,250.0,C29,TRÁNSITO,AUTOMOVIL,PARTICULAR
2019-07-21,8.0,Solo daños,Choque,0.0,No,286.0,C29,TRÁNSITO,AUTOMOVIL,PARTICULAR
2019-07-22,17.0,Con heridos,Choque,0.0,No,272.0,C02,TRÁNSITO,AUTOMOVIL,PARTICULAR
2019-07-23,13.0,Solo daños,Choque,0.0,No,248.0,C02,TRÁNSITO,AUTOMOVIL,PARTICULAR
2019-07-24,15.0,Solo daños,Choque,0.0,No,279.0,C02,TRÁNSITO,AUTOMOVIL,PARTICULAR
2019-07-25,24.0,Solo daños,Choque,0.0,No,269.0,C02,TRÁNSITO,AUTOMOVIL,PARTICULAR
2019-07-26,26.0,Solo daños,Choque,0.0,No,299.0,C02,TRÁNSITO,AUTOMOVIL,PARTICULAR
2019-07-27,13.0,Solo daños,Choque,0.0,No,363.0,C02,TRÁNSITO,AUTOMOVIL,PARTICULAR
2019-07-28,10.0,Con heridos,Choque,0.0,No,304.0,C29,TRÁNSITO,AUTOMOVIL,PARTICULAR
2019-07-29,22.0,Solo daños,Choque,0.0,No,287.0,C02,TRÁNSITO,AUTOMOVIL,PARTICULAR
2019-07-30,13.0,Solo daños,Choque,0.0,No,280.0,C02,TRÁNSITO,AUTOMOVIL,PARTICULAR
2019-07-31,14.0,Solo daños,Choque,0.0,No,174.0,C29,TRÁNSITO,AUTOMOVIL,PARTICULAR
2019-08-01,11.0,Solo daños,Choque,0.0,No,296.0,C02,TRÁNSITO,AUTOMOVIL,PARTICULAR
2019-08-02,10.0,Solo daños,Choque,0.0,No,288.0,C02,TRÁNSITO,AUTOMOVIL,PARTICULAR
2019-08-03,19.0,Solo daños,Choque,0.0,No,316.0,C02,TRÁNSITO,AUTOMOVIL,PARTICULAR
2019-08-04,11.0,Solo daños,Choque,0.0,No,340.0,C29,TRÁNSITO,AUTOMOVIL,PARTICULAR
2019-08-05,17.0,Solo daños,Choque,0.0,No,298.0,C02,TRÁNSITO,AUTOMOVIL,PARTICULAR
2019-08-06,16.0,Solo daños,Choque,0.2,Sí,255.0,C02,TRÁNSITO,AUTOMOVIL,PARTICULAR
2019-08-07,4.0,Solo daños,Choque,0.0,No,320.0,C29,TRÁNSITO,AUTOMOVIL,PARTICULAR
2019-08-08,17.0,Solo daños,Choque,0.0,No,286.0,C02,TRÁNSITO,AUTOMOVIL,PARTICULAR
2019-08-09,20.0,Solo daños,Choque,0.0,No,297.0,C02,TRÁNSITO,AUTOMOVIL,PARTICULAR
2019-08-10,16.0,Solo daños,Choque,0.0,No,347.0,C02,TRÁNSITO,AUTOMOVIL,PARTICULAR
2019-08-11,6.0,Solo daños,Choque,0.0,No,292.0,C29,TRÁNSITO,AUTOMOVIL,PARTICULAR
2019-08-12,27.0,Solo daños,Choque,0.0,No,267.0,C02,TRÁNSITO,AUTOMOVIL,PARTICULAR
2019-08-13,22.0,Solo daños,Choque,0.0,No,263.0,C02,TRÁNSITO,AUTOMOVIL,PARTICULAR
2019-08-14,25.0,Solo daños,Choque,0.0,No,231.0,C02,TRÁNSITO,AUTOMOVIL,PARTICULAR
2019-08-15,21.0,Solo daños,Choque,1.3,Sí,205.0,C02,TRÁNSITO,AUTOMOVIL,PARTICULAR
2019-08-16,20.0,Solo daños,Choque,0.2,Sí,243.0,C02,TRÁNSITO,AUTOMOVIL,PARTICULAR
2019-08-17,14.0,Solo daños,Choque,2.5000000000000004,Sí,258.0,C02,TRÁNSITO,AUTOMOVIL,PARTICULAR
2019-08-18,9.0,Solo daños,Choque,0.0,No,228.0,C29,TRÁNSITO,AUTOMOVIL,PARTICULAR
2019-08-19,12.0,Solo daños,Choque,0.0,No,272.0,C29,TRÁNSITO,AUTOMOVIL,PARTICULAR
2019-08-20,11.0,Solo daños,Choque,0.0,No,278.0,C02,TRÁNSITO,AUTOMOVIL,PARTICULAR
2019-08-21,16.0,Solo daños,Choque,0.0,No,269.0,C02,TRÁNSITO,AUTOMOVIL,PARTICULAR
2019-08-22,13.0,Solo daños,Choque,0.0,No,286.0,C02,TRÁNSITO,AUTOMOVIL,PARTICULAR
2019-08-23,16.0,Solo daños,Choque,0.0,No,291.0,C02,TRÁNSITO,AUTOMOVIL,PARTICULAR
2019-08-24,14.0,Solo daños,Choque,0.0,No,314.0,C02,TRÁNSITO,AUTOMOVIL,PARTICULAR
2019-08-25,9.0,Con heridos,Choque,0.0,No,262.0,C29,TRÁNSITO,AUTOMOVIL,PARTICULAR
2019-08-26,22.0,Solo daños,Choque,0.0,No,275.0,C02,TRÁNSITO,AUTOMOVIL,PARTICULAR
2019-08-27,24.0,Solo daños,Choque,0.0,No,241.0,C02,TRÁNSITO,AUTOMOVIL,PARTICULAR
2019-08-28,17.0,Solo daños,Choque,,,290.0,C02,TRÁNSITO,AUTOMOVIL,PARTICULAR
2019-08-29,14.0,Solo daños,Choque,,,282.0,C02,TRÁNSITO,AUTOMOVIL,PARTICULAR
2019-08-30,24.0,Solo daños,Choque,,,279.0,C29,TRÁNSITO,AUTOMOVIL,PARTICULAR
2019-08-31,20.0,Con heridos,Choque,,,227.0,C02,TRÁNSITO,AUTOMOVIL,PARTICULAR
2019-09-01,8.0,Con heridos,Choque,,,188.0,C29,TRÁNSITO,AUTOMOVIL,PARTICULAR
2019-09-02,19.0,Solo daños,Choque,,,218.0,C02,TRÁNSITO,AUTOMOVIL,PARTICULAR
2019-09-03,24.0,Solo daños,Choque,,,285.0,C02,TRÁNSITO,AUTOMOVIL,PARTICULAR
2019-09-04,19.0,Solo daños,Choque,,,250.0,C02,TRÁNSITO,AUTOMOVIL,PARTICULAR
2019-09-05,13.0,Solo daños,Choque,,,248.0,C02,TRÁNSITO,AUTOMOVIL,PARTICULAR
2019-09-06,24.0,Solo daños,Choque,,,267.0,C02,TRÁNSITO,AUTOMOVIL,PARTICULAR
2019-09-07,20.0,Solo daños,Choque,,,278.0,C02,TRÁNSITO,AUTOMOVIL,PARTICULAR
2019-09-08,13.0,Solo daños,Choque,,,220.0,C29,TRÁNSITO,AUTOMOVIL,PARTICULAR
2019-09-09,21.0,Solo daños,Choque,,,246.0,C02,TRÁNSITO,AUTOMOVIL,PARTICULAR
2019-09-10,25.0,Solo daños,Choque,,,201.0,C02,TRÁNSITO,AUTOMOVIL,PARTICULAR
2019-09-11,17.0,Solo daños,Choque,,,234.0,C02,TRÁNSITO,AUTOMOVIL,PARTICULAR
2019-09-12,7.0,Solo daños,Choque,,,262.0,C02,TRÁNSITO,AUTOMOVIL,PARTICULAR
2019-09-13,15.0,Solo daños,Choque,,,225.0,C02,TRÁNSITO,AUTOMOVIL,PARTICULAR
2019-09-14,25.0,Solo daños,Choque,,,231.0,C02,TRÁNSITO,AUTOMOVIL,PARTICULAR
2019-09-15,7.0,Con heridos,Choque,,,230.0,C29,TRÁNSITO,AUTOMOVIL,PARTICULAR
2019-09-16,24.0,Solo daños,Choque,,,285.0,C02,TRÁNSITO,AUTOMOVIL,PARTICULAR
2019-09-17,14.0,Solo daños,Choque,,,224.0,C02,TRÁNSITO,AUTOMOVIL,PARTICULAR
2019-09-18,18.0,Solo daños,Choque,,,237.0,C02,TRÁNSITO,AUTOMOVIL,PARTICULAR
2019-09-19,12.0,Solo daños,Choque,,,212.0,C02,TRÁNSITO,AUTOMOVIL,PARTICULAR
2019-09-20,13.0,Solo daños,Choque,,,251.0,C02,TRÁNSITO,AUTOMOVIL,PARTICULAR
2019-09-21,17.0,Solo daños,Choque,,,194.0,C02,TRÁNSITO,AUTOMOVIL,PARTICULAR
2019-09-22,14.0,Solo daños,Choque,,,228.0,C29,TRÁNSITO,AUTOMOVIL,PARTICULAR
2019-09-23,24.0,Solo daños,Choque,,,206.0,C02,TRÁNSITO,AUTOMOVIL,PARTICULAR
2019-09-24,20.0,Con heridos,Choque,,,184.0,C29,TRÁNSITO,AUTOMOVIL,PARTICULAR
2019-09-25,13.0,Solo daños,Choque,,,223.0,C02,TRÁNSITO,AUTOMOVIL,PARTICULAR
2019-09-26,9.0,Solo daños,Choque,,,233.0,C02,TRÁNSITO,AUTOMOVIL,PARTICULAR
2019-09-27,20.0,Solo daños,Choque,,,211.0,C02,TRÁNSITO,AUTOMOVIL,PARTICULAR
2019-09-28,19.0,Solo daños,Choque,,,190.0,C29,TRÁNSITO,AUTOMOVIL,PARTICULAR
2019-09-29,7.0,Solo daños,Choque,,,230.0,C29,TRÁNSITO,AUTOMOVIL,PARTICULAR
2019-09-30,17.0,Solo daños,Choque,,,248.0,C02,TRÁNSITO,AUTOMOVIL,PARTICULAR
2019-10-01,16.0,Solo daños,Choque,,,275.0,C02,TRÁNSITO,AUTOMOVIL,PARTICULAR
2019-10-02,21.0,Solo daños,Choque,,,239.0,C02,TRÁNSITO,AUTOMOVIL,PARTICULAR
2019-10-03,17.0,Solo daños,Choque,,,213.0,C02,TRÁNSITO,AUTOMOVIL,PARTICULAR
2019-10-04,20.0,Solo daños,Choque,,,272.0,C02,TRÁNSITO,AUTOMOVIL,PARTICULAR
2019-10-05,30.0,Solo daños,Choque,,,267.0,C02,TRÁNSITO,AUTOMOVIL,PARTICULAR
2019-10-06,11.0,Solo daños,Choque,,,188.0,C29,TRÁNSITO,AUTOMOVIL,PARTICULAR
2019-10-07,12.0,Solo daños,Choque,,,237.0,C02,TRÁNSITO,AUTOMOVIL,PARTICULAR
2019-10-08,21.0,Solo daños,Choque,,,180.0,C02,TRÁNSITO,AUTOMOVIL,PARTICULAR
2019-10-09,14.0,Solo daños,Choque,,,224.0,C02,TRÁNSITO,AUTOMOVIL,PARTICULAR
2019-10-10,15.0,Solo daños,Choque,,,247.0,C02,TRÁNSITO,AUTOMOVIL,PARTICULAR
2019-10-11,16.0,Solo daños,Choque,,,218.0,C02,TRÁNSITO,AUTOMOVIL,PARTICULAR
2019-10-12,18.0,Solo daños,Choque,,,283.0,C02,TRÁNSITO,AUTOMOVIL,PARTICULAR
2019-10-13,9.0,Solo daños,Choque,,,277.0,C29,TRÁNSITO,AUTOMOVIL,PARTICULAR
2019-10-14,12.0,Solo daños,Choque,,,246.0,C29,TRÁNSITO,AUTOMOVIL,PARTICULAR
2019-10-15,17.0,Solo daños,Choque,,,266.0,C02,TRÁNSITO,AUTOMOVIL,PARTICULAR
2019-10-16,17.0,Solo daños,Choque,,,254.0,C02,TRÁNSITO,AUTOMOVIL,PARTICULAR
2019-10-17,12.0,Solo daños,Choque,,,236.0,C02,TRÁNSITO,AUTOMOVIL,PARTICULAR
2019-10-18,22.0,Solo daños,Choque,,,206.0,C29,TRÁNSITO,AUTOMOVIL,PARTICULAR
2019-10-19,12.0,Solo daños,Choque,,,220.0,C02,TRÁNSITO,AUTOMOVIL,PARTICULAR
2019-10-20,10.0,Solo daños,Choque,,,203.0,C29,TRÁNSITO,AUTOMOVIL,PARTICULAR
2019-10-21,19.0,Solo daños,Choque,,,227.0,C02,TRÁNSITO,AUTOMOVIL,PARTICULAR
2019-10-22,16.0,Solo daños,Choque,,,182.0,C02,TRÁNSITO,AUTOMOVIL,PARTICULAR
2019-10-23,8.0,Con heridos,Choque,,,219.0,C02,TRÁNSITO,AUTOMOVIL,PARTICULAR
2019-10-24,14.0,Solo daños,Choque,,,197.0,C02,TRÁNSITO,AUTOMOVIL,PARTICULAR
2019-10-25,16.0,Solo daños,Choque,,,224.0,C02,TRÁNSITO,AUTOMOVIL,PARTICULAR
2019-10-26,15.0,Con heridos,Choque,,,218.0,C02,TRÁNSITO,AUTOMOVIL,PARTICULAR
2019-10-27,9.0,Solo daños,Choque,,,200.0,C29,TRÁNSITO,AUTOMOVIL,PARTICULAR
2019-10-28,7.0,Solo daños,Choque,,,246.0,C02,TRÁNSITO,AUTOMOVIL,PARTICULAR
2019-10-29,18.0,Solo daños,Choque,,,224.0,C02,TRÁNSITO,AUTOMOVIL,PARTICULAR
2019-10-30,14.0,Solo daños,Choque,,,217.0,C02,TRÁNSITO,AUTOMOVIL,PARTICULAR
2019-10-31,21.0,Solo daños,Choque,,,218.0,C02,TRÁNSITO,AUTOMOVIL,PARTICULAR
2019-11-01,28.0,Solo daños,Choque,,,196.0,C02,TRÁNSITO,AUTOMOVIL,PARTICULAR
2019-11-02,8.0,Solo daños,Choque,,,264.0,C02,TRÁNSITO,AUTOMOVIL,PARTICULAR
2019-11-03,10.0,Solo daños,Choque,,,199.0,C29,TRÁNSITO,AUTOMOVIL,PARTICULAR
2019-11-04,14.0,Solo daños,Choque,,,170.0,C29,TRÁNSITO,AUTOMOVIL,PARTICULAR
2019-11-05,18.0,Solo daños,Choque,,,223.0,C02,TRÁNSITO,AUTOMOVIL,PARTICULAR
2019-11-06,13.0,Solo daños,Choque,,,224.0,C02,TRÁNSITO,AUTOMOVIL,PARTICULAR
2019-11-07,18.0,Solo daños,Choque,,,222.0,C02,TRÁNSITO,AUTOMOVIL,PARTICULAR
2019-11-08,18.0,Solo daños,Choque,,,220.0,C02,TRÁNSITO,AUTOMOVIL,PARTICULAR
2019-11-09,13.0,Solo daños,Choque,,,215.0,C02,TRÁNSITO,AUTOMOVIL,PARTICULAR
2019-11-10,8.0,Con heridos,Choque,,,213.0,C29,TRÁNSITO,AUTOMOVIL,PARTICULAR
2019-11-11,4.0,Solo daños,Choque,,,212.0,C29,TRÁNSITO,AUTOMOVIL,PARTICULAR
2019-11-12,15.0,Solo daños,Choque,,,248.0,C02,TRÁNSITO,AUTOMOVIL,PARTICULAR
2019-11-13,21.0,Solo daños,Choque,,,213.0,C02,TRÁNSITO,AUTOMOVIL,PARTICULAR
2019-11-14,16.0,Solo daños,Choque,,,229.0,C02,TRÁNSITO,AUTOMOVIL,PARTICULAR
2019-11-15,19.0,Solo daños,Choque,,,258.0,C02,TRÁNSITO,AUTOMOVIL,PARTICULAR
2019-11-16,15.0,Solo daños,Choque,,,230.0,C02,TRÁNSITO,AUTOMOVIL,PARTICULAR
2019-11-17,8.0,Solo daños,Choque,,,220.0,C29,TRÁNSITO,AUTOMOVIL,PARTICULAR
2019-11-18,18.0,Solo daños,Choque,,,255.0,C02,TRÁNSITO,AUTOMOVIL,PARTICULAR
2019-11-19,18.0,Solo daños,Choque,,,192.0,C02,TRÁNSITO,AUTOMOVIL,PARTICULAR
2019-11-20,29.0,Solo daños,Choque,,,189.0,C02,TRÁNSITO,AUTOMOVIL,PARTICULAR
2019-11-21,10.0,Solo daños,Choque,,,156.0,C29,TRÁNSITO,AUTOMOVIL,PARTICULAR
2019-11-22,19.0,Solo daños,Choque,,,172.0,C02,TRÁNSITO,AUTOMOVIL,PARTICULAR
2019-11-23,21.0,Con heridos,Choque,,,223.0,C02,TRÁNSITO,AUTOMOVIL,PARTICULAR
2019-11-24,10.0,Solo daños,Choque,,,187.0,C29,TRÁNSITO,AUTOMOVIL,PARTICULAR
2019-11-25,15.0,Solo daños,Choque,,,245.0,C29,TRÁNSITO,AUTOMOVIL,PARTICULAR
2019-11-26,19.0,Solo daños,Choque,,,229.0,C02,TRÁNSITO,AUTOMOVIL,PARTICULAR
2019-11-27,13.0,Solo daños,Choque,,,244.0,C02,TRÁNSITO,AUTOMOVIL,PARTICULAR
2019-11-28,16.0,Solo daños,Choque,,,258.0,C02,TRÁNSITO,AUTOMOVIL,PARTICULAR
2019-11-29,16.0,Solo daños,Choque,,,236.0,C02,TRÁNSITO,AUTOMOVIL,PARTICULAR
2019-11-30,11.0,Solo daños,Choque,,,229.0,C02,TRÁNSITO,AUTOMOVIL,PARTICULAR
2019-12-01,13.0,Solo daños,Choque,,,230.0,C29,TRÁNSITO,AUTOMOVIL,PARTICULAR
2019-12-02,22.0,Solo daños,Choque,,,204.0,C02,TRÁNSITO,AUTOMOVIL,PARTICULAR
2019-12-03,27.0,Solo daños,Choque,,,211.0,C02,TRÁNSITO,AUTOMOVIL,PARTICULAR
2019-12-04,9.0,Solo daños,Choque,,,190.0,C29,TRÁNSITO,AUTOMOVIL,PARTICULAR
2019-12-05,25.0,Solo daños,Choque,,,184.0,C02,TRÁNSITO,AUTOMOVIL,PARTICULAR
2019-12-06,13.0,Solo daños,Choque,,,214.0,C02,TRÁNSITO,AUTOMOVIL,PARTICULAR
2019-12-07,5.0,Con heridos,Choque,,,168.0,C29,TRÁNSITO,AUTOMOVIL,PARTICULAR
2019-12-08,13.0,Con heridos,Choque,,,241.0,C29,TRÁNSITO,AUTOMOVIL,PARTICULAR
2019-12-09,10.0,Con heridos,Choque,,,217.0,C02,TRÁNSITO,AUTOMOVIL,PARTICULAR
2019-12-10,14.0,Solo daños,Choque,,,218.0,C02,TRÁNSITO,AUTOMOVIL,PARTICULAR
2019-12-11,16.0,Solo daños,Choque,,,257.0,C02,TRÁNSITO,AUTOMOVIL,PARTICULAR
2019-12-12,15.0,Solo daños,Choque,,,219.0,C02,TRÁNSITO,AUTOMOVIL,PARTICULAR
2019-12-13,14.0,Solo daños,Choque,,,240.0,C02,TRÁNSITO,AUTOMOVIL,PARTICULAR
2019-12-14,14.0,Solo daños,Choque,,,256.0,C02,TRÁNSITO,AUTOMOVIL,PARTICULAR
2019-12-15,9.0,Solo daños,Choque,,,183.0,C29,TRÁNSITO,AUTOMOVIL,PARTICULAR
2019-12-16,21.0,Solo daños,Choque,,,202.0,C02,TRÁNSITO,AUTOMOVIL,PARTICULAR
2019-12-17,21.0,Solo daños,Choque,,,197.0,C02,TRÁNSITO,AUTOMOVIL,PARTICULAR
2019-12-18,18.0,Solo daños,Choque,,,237.0,C02,TRÁNSITO,AUTOMOVIL,PARTICULAR
2019-12-19,18.0,Solo daños,Choque,,,230.0,C02,TRÁNSITO,AUTOMOVIL,PARTICULAR
2019-12-20,18.0,Solo daños,Choque,,,245.0,C02,TRÁNSITO,AUTOMOVIL,PARTICULAR
2019-12-21,15.0,Solo daños,Choque,,,244.0,C02,TRÁNSITO,AUTOMOVIL,PARTICULAR
2019-12-22,12.0,Solo daños,Choque,,,179.0,C29,TRÁNSITO,AUTOMOVIL,PARTICULAR
2019-12-23,19.0,Solo daños,Choque,,,293.0,C02,TRÁNSITO,AUTOMOVIL,PARTICULAR
2019-12-24,14.0,Solo daños,Choque,,,209.0,C02,TRÁNSITO,AUTOMOVIL,PARTICULAR
2019-12-25,15.0,Con heridos,Choque,,,234.0,C29,TRÁNSITO,AUTOMOVIL,PARTICULAR
2019-12-26,12.0,Solo daños,Choque,,,234.0,C02,TRÁNSITO,AUTOMOVIL,PARTICULAR
2019-12-27,22.0,Solo daños,Choque,,,265.0,C02,TRÁNSITO,AUTOMOVIL,PARTICULAR
2019-12-28,16.0,Solo daños,Choque,,,270.0,C02,TRÁNSITO,AUTOMOVIL,PARTICULAR
2019-12-29,7.0,Con heridos,Choque,,,196.0,C29,TRÁNSITO,AUTOMOVIL,PARTICULAR
2019-12-30,9.0,Solo daños,Choque,,,238.0,C02,TRÁNSITO,AUTOMOVIL,PARTICULAR
2019-12-31,9.0,Solo daños,Choque,,,217.0,C29,TRÁNSITO,AUTOMOVIL,PARTICULAR
2020-01-01,10.0,Solo daños,Choque,,,210.0,C29,TRÁNSITO,AUTOMOVIL,PARTICULAR
2020-01-02,8.0,Con heridos,Choque,,,279.0,C02,TRÁNSITO,AUTOMOVIL,PARTICULAR
2020-01-03,9.0,Solo daños,Choque,,,249.0,C02,TRÁNSITO,AUTOMOVIL,PARTICULAR
2020-01-04,11.0,Solo daños,Choque,,,272.0,C02,TRÁNSITO,AUTOMOVIL,PARTICULAR
2020-01-05,8.0,Solo daños,Choque,,,268.0,C29,TRÁNSITO,AUTOMOVIL,PARTICULAR
2020-01-06,12.0,Solo daños,Choque,,,237.0,C29,TRÁNSITO,AUTOMOVIL,PARTICULAR
2020-01-07,14.0,Solo daños,Choque,,,245.0,C02,TRÁNSITO,AUTOMOVIL,PARTICULAR
2020-01-08,11.0,Solo daños,Choque,,,229.0,C02,TRÁNSITO,AUTOMOVIL,PARTICULAR
2020-01-09,11.0,Solo daños,Choque,,,256.0,C02,TRÁNSITO,AUTOMOVIL,PARTICULAR
2020-01-10,13.0,Solo daños,Choque,,,240.0,C02,TRÁNSITO,AUTOMOVIL,PARTICULAR
2020-01-11,17.0,Solo daños,Choque,,,258.0,C02,TRÁNSITO,AUTOMOVIL,PARTICULAR
2020-01-12,10.0,Solo daños,Choque,,,222.0,C29,TRÁNSITO,AUTOMOVIL,PARTICULAR
2020-01-13,15.0,Solo daños,Choque,,,221.0,C02,TRÁNSITO,AUTOMOVIL,PARTICULAR
2020-01-14,13.0,Solo daños,Choque,,,227.0,C02,TRÁNSITO,AUTOMOVIL,PARTICULAR
2020-01-15,16.0,Solo daños,Choque,,,213.0,C02,TRÁNSITO,AUTOMOVIL,PARTICULAR
2020-01-16,11.0,Solo daños,Choque,,,231.0,C02,TRÁNSITO,AUTOMOVIL,PARTICULAR
2020-01-17,19.0,Solo daños,Choque,,,227.0,C02,TRÁNSITO,AUTOMOVIL,PARTICULAR
2020-01-18,13.0,Con heridos,Choque,,,222.0,C02,TRÁNSITO,AUTOMOVIL,PARTICULAR
2020-01-19,8.0,Solo daños,Choque,,,221.0,C29,TRÁNSITO,AUTOMOVIL,PARTICULAR
2020-01-20,14.0,Solo daños,Choque,,,255.0,C02,TRÁNSITO,AUTOMOVIL,PARTICULAR
2020-01-21,13.0,Solo daños,Choque,,,244.0,C02,TRÁNSITO,AUTOMOVIL,PARTICULAR
2020-01-22,20.0,Solo daños,Choque,,,215.0,C02,TRÁNSITO,AUTOMOVIL,PARTICULAR
2020-01-23,9.0,Solo daños,Choque,,,218.0,C02,TRÁNSITO,AUTOMOVIL,PARTICULAR
2020-01-24,13.0,Solo daños,Choque,,,243.0,C02,TRÁNSITO,AUTOMOVIL,PARTICULAR
2020-01-25,10.0,Solo daños,Choque,,,272.0,C02,TRÁNSITO,AUTOMOVIL,PARTICULAR
2020-01-26,11.0,Solo daños,Choque,,,187.0,C29,TRÁNSITO,AUTOMOVIL,PARTICULAR
2020-01-27,15.0,Solo daños,Choque,,,241.0,C02,TRÁNSITO,AUTOMOVIL,PARTICULAR
2020-01-28,27.0,Solo daños,Choque,,,187.0,C02,TRÁNSITO,AUTOMOVIL,PARTICULAR
2020-01-29,26.0,Solo daños,Choque,,,247.0,C02,TRÁNSITO,AUTOMOVIL,PARTICULAR
2020-01-30,10.0,Con heridos,Choque,,,219.0,C02,TRÁNSITO,AUTOMOVIL,PARTICULAR
2020-01-31,13.0,Solo daños,Choque,,,292.0,C02,TRÁNSITO,AUTOMOVIL,PARTICULAR
2020-02-01,18.0,Solo daños,Choque,,,289.0,C02,TRÁNSITO,AUTOMOVIL,PARTICULAR
2020-02-02,6.0,Solo daños,Choque,,,218.0,C29,TRÁNSITO,AUTOMOVIL,PARTICULAR
2020-02-03,19.0,Solo daños,Choque,,,271.0,C02,TRÁNSITO,AUTOMOVIL,PARTICULAR
2020-02-04,21.0,Solo daños,Choque,,,238.0,C02,TRÁNSITO,AUTOMOVIL,PARTICULAR
2020-02-05,13.0,Solo daños,Choque,,,241.0,C02,TRÁNSITO,AUTOMOVIL,PARTICULAR
2020-02-06,15.0,Solo daños,Choque,,,236.0,C02,TRÁNSITO,AUTOMOVIL,PARTICULAR
2020-02-07,10.0,Solo daños,Choque,,,242.0,C02,TRÁNSITO,AUTOMOVIL,PARTICULAR
2020-02-08,15.0,Solo daños,Choque,,,252.0,C02,TRÁNSITO,AUTOMOVIL,PARTICULAR
2020-02-09,8.0,Solo daños,Choque,,,177.0,C29,TRÁNSITO,AUTOMOVIL,PARTICULAR
2020-02-10,25.0,Solo daños,Choque,,,241.0,C02,TRÁNSITO,AUTOMOVIL,PARTICULAR
2020-02-11,20.0,Solo daños,Choque,,,226.0,C02,TRÁNSITO,AUTOMOVIL,PARTICULAR
2020-02-12,15.0,Solo daños,Choque,,,265.0,C02,TRÁNSITO,AUTOMOVIL,PARTICULAR
2020-02-13,29.0,Solo daños,Choque,,,262.0,C02,TRÁNSITO,AUTOMOVIL,PARTICULAR
2020-02-14,18.0,Solo daños,Choque,,,279.0,C02,TRÁNSITO,AUTOMOVIL,PARTICULAR
2020-02-15,23.0,Solo daños,Choque,,,240.0,C02,TRÁNSITO,AUTOMOVIL,PARTICULAR
2020-02-16,9.0,Solo daños,Choque,,,181.0,C29,TRÁNSITO,AUTOMOVIL,PARTICULAR
2020-02-17,13.0,Solo daños,Choque,,,235.0,C02,TRÁNSITO,AUTOMOVIL,PARTICULAR
2020-02-18,14.0,Solo daños,Choque,,,271.0,C02,TRÁNSITO,AUTOMOVIL,PARTICULAR
2020-02-19,22.0,Solo daños,Choque,,,249.0,C02,TRÁNSITO,AUTOMOVIL,PARTICULAR
2020-02-20,19.0,Solo daños,Choque,,,282.0,C02,TRÁNSITO,AUTOMOVIL,PARTICULAR
2020-02-21,16.0,Solo daños,Choque,,,284.0,C02,TRÁNSITO,AUTOMOVIL,PARTICULAR
2020-02-22,16.0,Solo daños,Choque,,,214.0,C29,TRÁNSITO,AUTOMOVIL,PARTICULAR
2020-02-23,12.0,Con heridos,Choque,,,208.0,C29,TRÁNSITO,AUTOMOVIL,PARTICULAR
2020-02-24,8.0,Con heridos,Choque,,,207.0,C29,TRÁNSITO,AUTOMOVIL,PARTICULAR
2020-02-25,11.0,Con heridos,Choque,,,228.0,C29,TRÁNSITO,AUTOMOVIL,PARTICULAR
2020-02-26,18.0,Solo daños,Choque,,,252.0,C02,TRÁNSITO,AUTOMOVIL,PARTICULAR
2020-02-27,17.0,Solo daños,Choque,,,231.0,C02,TRÁNSITO,AUTOMOVIL,PARTICULAR
2020-02-28,22.0,Solo daños,Choque,,,226.0,C02,TRÁNSITO,AUTOMOVIL,PARTICULAR
2020-02-29,14.0,Solo daños,Choque,,,244.0,C02,TRÁNSITO,AUTOMOVIL,PARTICULAR
2020-03-01,9.0,Solo daños,Choque,,,176.0,C29,TRÁNSITO,AUTOMOVIL,PARTICULAR
2020-03-02,12.0,Solo daños,Choque,,,274.0,C02,TRÁNSITO,AUTOMOVIL,PARTICULAR
2020-03-03,14.0,Solo daños,Choque,,,275.0,C02,TRÁNSITO,AUTOMOVIL,PARTICULAR
2020-03-04,15.0,Solo daños,Choque,,,120.0,C29,TRÁNSITO,AUTOMOVIL,PARTICULAR
2020-03-05,17.0,Solo daños,Choque,,,138.0,C29,TRÁNSITO,AUTOMOVIL,PARTICULAR
2020-03-06,16.0,Solo daños,Choque,,,163.0,C29,TRÁNSITO,AUTOMOVIL,PARTICULAR
2020-03-07,15.0,Solo daños,Choque,,,205.0,C29,TRÁNSITO,AUTOMOVIL,PARTICULAR
2020-03-08,13.0,Solo daños,Choque,,,179.0,C29,TRÁNSITO,AUTOMOVIL,PARTICULAR
2020-03-09,11.0,Solo daños,Choque,,,195.0,C29,TRÁNSITO,AUTOMOVIL,PARTICULAR
2020-03-10,12.0,Solo daños,Choque,,,222.0,C02,TRÁNSITO,AUTOMOVIL,PARTICULAR
2020-03-11,17.0,Solo daños,Choque,,,254.0,C02,TRÁNSITO,AUTOMOVIL,PARTICULAR
2020-03-12,20.0,Solo daños,Choque,,,229.0,C02,TRÁNSITO,AUTOMOVIL,PARTICULAR
2020-03-13,19.0,Solo daños,Choque,,,269.0,C02,TRÁNSITO,AUTOMOVIL,PARTICULAR
2020-03-14,21.0,Solo daños,Choque,,,276.0,C02,TRÁNSITO,AUTOMOVIL,PARTICULAR
2020-03-15,13.0,Solo daños,Choque,,,204.0,C29,TRÁNSITO,AUTOMOVIL,PARTICULAR
2020-03-16,13.0,Solo daños,Choque,,,269.0,C02,TRÁNSITO,AUTOMOVIL,PARTICULAR
2020-03-17,12.0,Con heridos,Choque,,,281.0,C02,TRÁNSITO,AUTOMOVIL,PARTICULAR
2020-03-18,10.0,Con heridos,Choque,,,234.0,C02,TRÁNSITO,AUTOMOVIL,PARTICULAR
2020-03-19,12.0,Con heridos,Choque,,,208.0,C29,TRÁNSITO,AUTOMOVIL,PARTICULAR
2020-03-20,6.0,Con heridos,Choque,,,184.0,C02,TRÁNSITO,AUTOMOVIL,PARTICULAR
2020-03-21,7.0,Solo daños,Choque,,,102.0,C29,TRÁNSITO,AUTOMOVIL,PARTICULAR
2020-03-22,2.0,Con heridos,Choque,,,162.0,C29,TRÁNSITO,AUTOMOVIL,PARTICULAR
2020-03-23,3.0,Con heridos,Choque,,,126.0,C29,TRÁNSITO,AUTOMOVIL,PARTICULAR
2020-03-24,8.0,Con heridos,Choque,,,100.0,C29,TRÁNSITO,AUTOMOVIL,PARTICULAR
2020-03-25,1.0,Con heridos,Atropello,,,123.0,C29,TRÁNSITO,AUTOMOVIL,PARTICULAR
2020-03-26,2.0,Con heridos,Choque,,,151.0,C29,TRÁNSITO,AUTOMOVIL,PARTICULAR
2020-03-28,2.0,Solo daños,Choque,,,162.0,C29,TRÁNSITO,AUTOMOVIL,PARTICULAR
2020-03-29,1.0,Con heridos,Choque,,,155.0,C29,TRÁNSITO,AUTOMOVIL,PARTICULAR
2020-03-30,1.0,Solo daños,Choque,,,128.0,C29,TRÁNSITO,AUTOMOVIL,PARTICULAR
2020-03-31,1.0,Solo daños,Choque,,,123.0,C29,TRÁNSITO,AUTOMOVIL,PARTICULAR
2020-04-01,6.0,Con heridos,Choque,,,147.0,C29,TRÁNSITO,AUTOMOVIL,PARTICULAR
2020-04-02,2.0,Con heridos,Choque,,,152.0,C29,TRÁNSITO,AUTOMOVIL,PARTICULAR
2020-04-03,6.0,Con heridos,Choque,,,159.0,C29,TRÁNSITO,AUTOMOVIL,PARTICULAR
2020-04-04,2.0,Con heridos,Choque,,,163.0,C29,TRÁNSITO,AUTOMOVIL,PARTICULAR
2020-04-05,2.0,Con heridos,Choque,,,152.0,C29,TRÁNSITO,AUTOMOVIL,PARTICULAR
2020-04-06,4.0,Con heridos,Atropello,,,133.0,C29,TRÁNSITO,AUTOMOVIL,PARTICULAR
2020-04-07,3.0,Solo daños,Choque,,,105.0,C29,TRÁNSITO,AUTOMOVIL,PARTICULAR
2020-04-08,2.0,Solo daños,Choque,,,143.0,C29,TRÁNSITO,AUTOMOVIL,PARTICULAR
2020-04-10,1.0,Solo daños,Choque,,,133.0,C29,TRÁNSITO,AUTOMOVIL,PARTICULAR
2020-04-11,2.0,Con heridos,Choque,,,168.0,C29,TRÁNSITO,AUTOMOVIL,PARTICULAR
2020-04-12,1.0,Con heridos,Choque,,,186.0,C29,TRÁNSITO,AUTOMOVIL,PARTICULAR
2020-04-13,7.0,Con heridos,Choque,,,147.0,C29,TRÁNSITO,AUTOMOVIL,PARTICULAR
2020-04-14,5.0,Solo daños,Choque,,,139.0,C29,TRÁNSITO,AUTOMOVIL,PARTICULAR
2020-04-15,4.0,Con heridos,Choque,,,139.0,C29,TRÁNSITO,AUTOMOVIL,PARTICULAR
2020-04-16,5.0,Solo daños,Choque,,,152.0,C29,TRÁNSITO,AUTOMOVIL,PARTICULAR
2020-04-17,2.0,Solo daños,Choque,,,164.0,C29,TRÁNSITO,AUTOMOVIL,PARTICULAR
2020-04-18,3.0,Solo daños,Choque,,,165.0,C29,TRÁNSITO,AUTOMOVIL,PARTICULAR
2020-04-19,3.0,Con heridos,Choque,,,172.0,C29,TRÁNSITO,AUTOMOVIL,PARTICULAR
2020-04-20,9.0,Solo daños,Choque,,,144.0,C29,TRÁNSITO,AUTOMOVIL,PARTICULAR
2020-04-21,5.0,Solo daños,Choque,,,130.0,C29,TRÁNSITO,AUTOMOVIL,PARTICULAR
2020-04-22,2.0,Con heridos,Choque,,,138.0,C29,TRÁNSITO,AUTOMOVIL,PARTICULAR
2020-04-23,6.0,Solo daños,Choque,,,129.0,C29,TRÁNSITO,AUTOMOVIL,PARTICULAR
2020-04-24,4.0,Solo daños,Choque,,,175.0,C29,TRÁNSITO,AUTOMOVIL,PARTICULAR
2020-04-25,2.0,Solo daños,Choque,,,151.0,C29,TRÁNSITO,AUTOMOVIL,PARTICULAR
2020-04-26,4.0,Con heridos,Choque,,,161.0,C29,TRÁNSITO,AUTOMOVIL,PARTICULAR
2020-04-27,4.0,Solo daños,Choque,,,125.0,C29,TRÁNSITO,AUTOMOVIL,PARTICULAR
2020-04-28,4.0,Con heridos,Choque,,,103.0,C29,TRÁNSITO,AUTOMOVIL,PARTICULAR
2020-04-29,7.0,Solo daños,Choque,,,114.0,C29,TRÁNSITO,AUTOMOVIL,PARTICULAR
2020-04-30,5.0,Con heridos,Choque,,,123.0,C29,TRÁNSITO,AUTOMOVIL,PARTICULAR
2020-05-01,2.0,Con muertos,Choque,,,166.0,C29,TRÁNSITO,AUTOMOVIL,PARTICULAR
2020-05-02,6.0,Con heridos,Choque,,,86.0,C29,TRÁNSITO,AUTOMOVIL,PARTICULAR
2020-05-04,8.0,Solo daños,Choque,,,45.0,C29,TRÁNSITO,MOTOCICLETA,PARTICULAR
2020-05-05,3.0,Solo daños,Choque,,,45.0,C29,TRÁNSITO,AUTOMOVIL,PARTICULAR
2020-05-06,7.0,Con heridos,Choque,,,43.0,C29,TRÁNSITO,MOTOCICLETA,PARTICULAR
2020-05-07,3.0,Solo daños,Choque,,,38.0,C29,TRÁNSITO,AUTOMOVIL,PARTICULAR
2020-05-08,10.0,Con heridos,Choque,,,46.0,C29,TRÁNSITO,MOTOCICLETA,PARTICULAR
2020-05-09,1.0,Solo daños,Choque,,,64.0,C29,TRÁNSITO,MOTOCICLETA,PARTICULAR
2020-05-10,2.0,Con heridos,Choque,,,94.0,C29,TRÁNSITO,MOTOCICLETA,PARTICULAR
2020-05-11,3.0,Solo daños,Choque,,,29.0,C29,TRÁNSITO,MOTOCICLETA,PARTICULAR
2020-05-12,2.0,Solo daños,Choque,,,44.0,C29,TRÁNSITO,AUTOMOVIL,PARTICULAR
2020-05-13,9.0,Con heridos,Choque,,,35.0,C29,TRÁNSITO,AUTOMOVIL,PARTICULAR
2020-05-14,4.0,Con heridos,Choque,,,42.0,C29,TRÁNSITO,MOTOCICLETA,PARTICULAR
2020-05-15,8.0,Solo daños,Choque,,,38.0,C29,TRÁNSITO,AUTOMOVIL,PARTICULAR
2020-05-16,10.0,Con heridos,Choque,,,26.0,C29,TRÁNSITO,AUTOMOVIL,PARTICULAR
2020-05-17,1.0,Con heridos,Choque,,,44.0,C29,TRÁNSITO,AUTOMOVIL,PARTICULAR
2020-05-18,6.0,Solo daños,Choque,,,18.0,C29,TRÁNSITO,MOTOCICLETA,PARTICULAR
2020-05-19,6.0,Solo daños,Choque,,,22.0,C29,TRÁNSITO,MOTOCICLETA,PARTICULAR
2020-05-20,6.0,Con heridos,Choque,,,17.0,C29,TRÁNSITO,MOTOCICLETA,PARTICULAR
2020-05-21,3.0,Solo daños,Choque,,,7.0,C29,TRÁNSITO,MOTOCICLETA,PARTICULAR
2020-05-22,2.0,Con heridos,Choque,,,12.0,C29,TRÁNSITO,MOTOCICLETA,PARTICULAR
2020-05-23,4.0,Con heridos,Choque,,,11.0,C29,TRÁNSITO,MOTOCICLETA,PARTICULAR
2020-05-24,2.0,Con heridos,Choque,,,10.0,C29,TRÁNSITO,CAMIONETA,PARTICULAR
2020-05-25,2.0,Con heridos,Choque,,,10.0,C29,TRÁNSITO,MOTOCICLETA,PARTICULAR
2020-05-26,10.0,Solo daños,Choque,,,7.0,C29,TRÁNSITO,MOTOCICLETA,PARTICULAR
2020-05-27,4.0,Con heridos,Choque,,,9.0,C29,TRÁNSITO,MOTOCICLETA,PARTICULAR
2020-05-28,12.0,Solo daños,Choque,,,11.0,C29,TRÁNSITO,AUTOMOVIL,PARTICULAR
2020-05-29,9.0,Solo daños,Choque,,,74.0,C29,TRÁNSITO,AUTOMOVIL,PARTICULAR
2020-05-31,6.0,Solo daños,Choque,,,115.0,C29,TRÁNSITO,AUTOMOVIL,PARTICULAR
2020-06-01,13.0,Solo daños,Choque,,,87.0,C29,TRÁNSITO,AUTOMOVIL,PARTICULAR
2020-06-02,6.0,Con heridos,Choque,,,93.0,C29,TRÁNSITO,AUTOMOVIL,PARTICULAR
2020-06-03,3.0,Solo daños,Choque,,,79.0,C29,TRÁNSITO,AUTOMOVIL,PARTICULAR
2020-06-04,12.0,Solo daños,Choque,,,98.0,C29,TRÁNSITO,AUTOMOVIL,PARTICULAR
2020-06-05,6.0,Solo daños,Choque,,,101.0,C29,TRÁNSITO,AUTOMOVIL,PARTICULAR
2020-06-06,6.0,Solo daños,Choque,,,98.0,C29,TRÁNSITO,MOTOCICLETA,PARTICULAR
2020-06-07,2.0,Con heridos,Choque,,,140.0,C29,TRÁNSITO,AUTOMOVIL,PARTICULAR
2020-06-08,5.0,Solo daños,Choque,,,74.0,C29,TRÁNSITO,AUTOMOVIL,PARTICULAR
2020-06-09,8.0,Solo daños,Choque,,,116.0,C29,TRÁNSITO,AUTOMOVIL,PARTICULAR
2020-06-10,10.0,Solo daños,Choque,,,79.0,C29,TRÁNSITO,AUTOMOVIL,PARTICULAR
2020-06-11,8.0,Solo daños,Choque,,,72.0,C29,TRÁNSITO,AUTOMOVIL,PARTICULAR
2020-06-12,9.0,Con heridos,Choque,,,96.0,C29,TRÁNSITO,AUTOMOVIL,PARTICULAR
2020-06-13,11.0,Solo daños,Choque,,,108.0,C29,TRÁNSITO,AUTOMOVIL,PARTICULAR
2020-06-14,2.0,Con heridos,Choque,,,136.0,C29,TRÁNSITO,AUTOMOVIL,PARTICULAR
2020-06-15,4.0,Solo daños,Choque,,,143.0,C29,TRÁNSITO,AUTOMOVIL,PARTICULAR
2020-06-16,7.0,Solo daños,Choque,,,68.0,C29,TRÁNSITO,AUTOMOVIL,PARTICULAR
2020-06-17,9.0,Con heridos,Choque,,,82.0,C29,TRÁNSITO,MOTOCICLETA,PARTICULAR
2020-06-18,2.0,Solo daños,Choque,,,82.0,C29,TRÁNSITO,AUTOMOVIL,PARTICULAR
2020-06-19,8.0,Solo daños,Choque,,,77.0,C29,TRÁNSITO,AUTOMOVIL,PARTICULAR
2020-06-20,2.0,Solo daños,Choque,,,129.0,C29,TRÁNSITO,AUTOMOVIL,PARTICULAR
2020-06-22,1.0,Solo daños,Choque,,,132.0,C29,TRÁNSITO,AUTOMOVIL,PARTICULAR
2020-06-23,1.0,Con heridos,Choque,,,93.0,C29,TRÁNSITO,AUTOMOVIL,PARTICULAR
2020-06-24,6.0,Con heridos,Choque,,,66.0,C29,TRÁNSITO,AUTOMOVIL,PARTICULAR
2020-06-25,1.0,Solo daños,Choque,,,92.0,C29,TRÁNSITO,AUTOMOVIL,PARTICULAR
2020-06-26,3.0,Con heridos,Choque,,,94.0,C29,TRÁNSITO,AUTOMOVIL,PARTICULAR
2020-06-27,1.0,Solo daños,Choque,,,111.0,C29,TRÁNSITO,AUTOMOVIL,PARTICULAR
2020-06-28,3.0,Con heridos,Choque,,,106.0,C29,TRÁNSITO,AUTOMOVIL,PARTICULAR
2020-06-29,2.0,Solo daños,Choque,,,120.0,C29,TRÁNSITO,AUTOMOVIL,PARTICULAR
2020-06-30,7.0,Solo daños,Choque,,,70.0,C29,TRÁNSITO,AUTOMOVIL,PARTICULAR
2020-07-01,11.0,Solo daños,Choque,,,86.0,C29,TRÁNSITO,AUTOMOVIL,PARTICULAR
2020-07-02,9.0,Solo daños,Choque,,,73.0,C29,TRÁNSITO,AUTOMOVIL,PARTICULAR
2020-07-03,3.0,Con heridos,Choque,,,118.0,C29,TRÁNSITO,MOTOCICLETA,PARTICULAR
2020-07-04,3.0,Con heridos,Choque,,,117.0,C29,TRÁNSITO,AUTOMOVIL,PARTICULAR
2020-07-05,1.0,Con muertos,Choque,,,131.0,C29,TRÁNSITO,AUTOMOVIL,PARTICULAR
2020-07-06,9.0,Solo daños,Choque,,,51.0,C29,TRÁNSITO,MOTOCICLETA,PARTICULAR
2020-07-07,9.0,Con heridos,Choque,,,58.0,C29,TRÁNSITO,MOTOCICLETA,PARTICULAR
2020-07-08,4.0,Solo daños,Choque,,,53.0,C29,TRÁNSITO,MOTOCICLETA,PARTICULAR
2020-07-09,4.0,Con heridos,Choque,,,64.0,C29,TRÁNSITO,AUTOMOVIL,PARTICULAR
2020-07-10,5.0,Solo daños,Choque,,,69.0,C29,TRÁNSITO,AUTOMOVIL,PARTICULAR
2020-07-11,2.0,Con heridos,Atropello,,,57.0,C29,TRÁNSITO,AUTOMOVIL,PARTICULAR
2020-07-12,4.0,Con heridos,Choque,,,115.0,C29,TRÁNSITO,AUTOMOVIL,PARTICULAR
2020-07-13,7.0,Solo daños,Choque,,,72.0,C29,TRÁNSITO,AUTOMOVIL,PARTICULAR
2020-07-14,3.0,Solo daños,Choque,,,55.0,C29,TRÁNSITO,MOTOCICLETA,PARTICULAR
2020-07-15,6.0,Con heridos,Choque,,,96.0,C29,TRÁNSITO,AUTOMOVIL,PARTICULAR
2020-07-16,3.0,Solo daños,Choque,,,89.0,C29,TRÁNSITO,AUTOMOVIL,PARTICULAR
2020-07-17,5.0,Solo daños,Choque,,,91.0,C29,TRÁNSITO,AUTOMOVIL,PARTICULAR
2020-07-18,3.0,Con heridos,Choque,,,90.0,C29,TRÁNSITO,MOTOCICLETA,PARTICULAR
2020-07-19,3.0,Solo daños,Choque,,,124.0,C29,TRÁNSITO,AUTOMOVIL,PARTICULAR
2020-07-21,12.0,Solo daños,Choque,,,72.0,C29,TRÁNSITO,AUTOMOVIL,PARTICULAR
2020-07-22,5.0,Con heridos,Choque,,,56.0,C29,TRÁNSITO,AUTOMOVIL,PARTICULAR
2020-07-23,3.0,Solo daños,Choque,,,86.0,C29,TRÁNSITO,MOTOCICLETA,PARTICULAR
2020-07-24,4.0,Con heridos,Atropello,,,80.0,C29,TRÁNSITO,AUTOMOVIL,PARTICULAR
2020-07-25,6.0,Solo daños,Choque,,,102.0,C29,TRÁNSITO,MOTOCICLETA,PARTICULAR
2020-07-26,3.0,Con heridos,Choque,,,112.0,C29,TRÁNSITO,AUTOMOVIL,PARTICULAR
2020-07-27,11.0,Solo daños,Choque,,,123.0,C29,TRÁNSITO,AUTOMOVIL,PARTICULAR
2020-07-28,12.0,Solo daños,Choque,,,132.0,C29,TRÁNSITO,AUTOMOVIL,PARTICULAR
2020-07-29,4.0,Solo daños,Choque,,,123.0,C29,TRÁNSITO,AUTOMOVIL,PARTICULAR
2020-07-30,6.0,Solo daños,Choque,,,118.0,C29,TRÁNSITO,AUTOMOVIL,PARTICULAR
2020-07-31,7.0,Solo daños,Choque,,,124.0,C29,TRÁNSITO,AUTOMOVIL,PARTICULAR
2020-08-01,6.0,Solo daños,Choque,,,157.0,C29,TRÁNSITO,AUTOMOVIL,PARTICULAR
2020-08-02,3.0,Solo daños,Choque,,,166.0,C29,TRÁNSITO,AUTOMOVIL,PARTICULAR
2020-08-03,4.0,Solo daños,Choque,,,121.0,C29,TRÁNSITO,MOTOCICLETA,PARTICULAR
2020-08-04,9.0,Solo daños,Choque,,,97.0,C29,TRÁNSITO,AUTOMOVIL,PARTICULAR
2020-08-05,3.0,Solo daños,Choque,,,136.0,C29,TRÁNSITO,AUTOMOVIL,PARTICULAR
2020-08-06,4.0,Solo daños,Choque,,,144.0,C29,TRÁNSITO,AUTOMOVIL,PARTICULAR
2020-08-07,3.0,Solo daños,Choque,,,198.0,C29,TRÁNSITO,AUTOMOVIL,PARTICULAR
2020-08-08,3.0,Con heridos,Choque,,,182.0,C29,TRÁNSITO,AUTOMOVIL,PARTICULAR
2020-08-09,1.0,Solo daños,Choque,,,210.0,C29,TRÁNSITO,AUTOMOVIL,PARTICULAR
2020-08-10,1.0,Solo daños,Choque,,,97.0,C29,TRÁNSITO,AUTOMOVIL,PARTICULAR
2020-08-11,13.0,Solo daños,Choque,,,120.0,C29,TRÁNSITO,AUTOMOVIL,PARTICULAR
2020-08-12,5.0,Solo daños,Choque,,,115.0,C29,TRÁNSITO,AUTOMOVIL,PARTICULAR
2020-08-13,12.0,Solo daños,Choque,,,123.0,C29,TRÁNSITO,AUTOMOVIL,PARTICULAR
2020-08-14,9.0,Solo daños,Choque,,,114.0,C29,TRÁNSITO,AUTOMOVIL,PARTICULAR
2020-08-15,7.0,Solo daños,Choque,,,164.0,C29,TRÁNSITO,AUTOMOVIL,PARTICULAR
2020-08-16,1.0,Con muertos,Choque,,,147.0,C29,TRÁNSITO,AUTOMOVIL,PARTICULAR
2020-08-17,9.0,Con heridos,Choque,,,159.0,C29,TRÁNSITO,AUTOMOVIL,PARTICULAR
2020-08-18,7.0,Solo daños,Choque,,,122.0,C29,TRÁNSITO,AUTOMOVIL,PARTICULAR
2020-08-19,6.0,Solo daños,Choque,,,109.0,C29,TRÁNSITO,AUTOMOVIL,PARTICULAR
2020-08-20,9.0,Solo daños,Choque,,,132.0,C29,TRÁNSITO,AUTOMOVIL,PARTICULAR
2020-08-21,6.0,Con heridos,Choque,,,114.0,C29,TRÁNSITO,AUTOMOVIL,PARTICULAR
2020-08-22,6.0,Solo daños,Choque,,,125.0,C29,TRÁNSITO,AUTOMOVIL,PARTICULAR
2020-08-23,3.0,Con heridos,Choque,,,155.0,C29,TRÁNSITO,AUTOMOVIL,PARTICULAR
2020-08-24,9.0,Con heridos,Choque,,,126.0,C29,TRÁNSITO,AUTOMOVIL,PARTICULAR
2020-08-25,8.0,Solo daños,Choque,,,109.0,C29,TRÁNSITO,AUTOMOVIL,PARTICULAR
2020-08-26,10.0,Solo daños,Choque,,,107.0,C29,TRÁNSITO,AUTOMOVIL,PARTICULAR
2020-08-27,10.0,Solo daños,Choque,,,110.0,C29,TRÁNSITO,AUTOMOVIL,PARTICULAR
2020-08-28,6.0,Solo daños,Choque,,,148.0,C29,TRÁNSITO,AUTOMOVIL,PARTICULAR
2020-08-29,10.0,Solo daños,Choque,,,155.0,C29,TRÁNSITO,AUTOMOVIL,PARTICULAR
2020-08-30,3.0,Con heridos,Choque,,,197.0,C29,TRÁNSITO,AUTOMOVIL,PARTICULAR
2020-08-31,8.0,Con heridos,Choque,,,130.0,C29,TRÁNSITO,AUTOMOVIL,PARTICULAR
2020-09-01,14.0,Solo daños,Choque,,,137.0,C29,TRÁNSITO,AUTOMOVIL,PARTICULAR
2020-09-02,6.0,Solo daños,Choque,,,145.0,C29,TRÁNSITO,AUTOMOVIL,PARTICULAR
2020-09-03,7.0,Solo daños,Choque,,,124.0,C29,TRÁNSITO,AUTOMOVIL,PARTICULAR
2020-09-04,12.0,Solo daños,Choque,,,112.0,C29,TRÁNSITO,AUTOMOVIL,PARTICULAR
2020-09-05,8.0,Solo daños,Choque,,,184.0,C29,TRÁNSITO,AUTOMOVIL,PARTICULAR
2020-09-06,4.0,Con heridos,Choque,,,194.0,C29,TRÁNSITO,AUTOMOVIL,PARTICULAR
2020-09-07,7.0,Solo daños,Choque,,,136.0,C29,TRÁNSITO,AUTOMOVIL,PARTICULAR
2020-09-08,12.0,Solo daños,Choque,,,126.0,C29,TRÁNSITO,AUTOMOVIL,PARTICULAR
2020-09-09,9.0,Solo daños,Choque,,,125.0,C29,TRÁNSITO,AUTOMOVIL,PARTICULAR
2020-09-10,14.0,Solo daños,Choque,,,128.0,C29,TRÁNSITO,AUTOMOVIL,PARTICULAR
2020-09-11,4.0,Solo daños,Choque,,,117.0,C29,TRÁNSITO,AUTOMOVIL,PARTICULAR
2020-09-12,8.0,Con heridos,Choque,,,138.0,C29,TRÁNSITO,AUTOMOVIL,PARTICULAR
2020-09-13,7.0,Con heridos,Choque,,,70.0,C29,TRÁNSITO,AUTOMOVIL,PARTICULAR
2020-09-14,17.0,Solo daños,Choque,,,87.0,C29,TRÁNSITO,AUTOMOVIL,PARTICULAR
2020-09-15,8.0,Con heridos,Choque,,,88.0,C29,TRÁNSITO,AUTOMOVIL,PARTICULAR
2020-09-16,6.0,Solo daños,Choque,,,116.0,C29,TRÁNSITO,AUTOMOVIL,PARTICULAR
2020-09-17,9.0,Solo daños,Choque,,,115.0,C29,TRÁNSITO,AUTOMOVIL,PARTICULAR
2020-09-18,7.0,Solo daños,Choque,,,174.0,C29,TRÁNSITO,AUTOMOVIL,PARTICULAR
2020-09-19,7.0,Solo daños,Choque,,,171.0,C29,TRÁNSITO,AUTOMOVIL,PARTICULAR
2020-09-20,5.0,Solo daños,Choque,,,220.0,C29,TRÁNSITO,AUTOMOVIL,PARTICULAR
2020-09-21,8.0,Con heridos,Choque,,,135.0,C29,TRÁNSITO,AUTOMOVIL,PARTICULAR
2020-09-22,9.0,Con heridos,Choque,,,142.0,C29,TRÁNSITO,AUTOMOVIL,PARTICULAR
2020-09-23,16.0,Con heridos,Choque,,,144.0,C29,TRÁNSITO,AUTOMOVIL,PARTICULAR
2020-09-24,10.0,Solo daños,Choque,,,237.0,C02,TRÁNSITO,AUTOMOVIL,PARTICULAR
2020-09-25,13.0,Solo daños,Choque,,,245.0,C02,TRÁNSITO,AUTOMOVIL,PARTICULAR
2020-09-26,11.0,Solo daños,Choque,,,266.0,C02,TRÁNSITO,AUTOMOVIL,PARTICULAR
2020-09-27,8.0,Solo daños,Choque,,,224.0,C29,TRÁNSITO,AUTOMOVIL,PARTICULAR
2020-09-28,13.0,Solo daños,Choque,,,263.0,C02,TRÁNSITO,AUTOMOVIL,PARTICULAR
2020-09-29,7.0,Solo daños,Choque,,,259.0,C02,TRÁNSITO,AUTOMOVIL,PARTICULAR
2020-09-30,7.0,Solo daños,Choque,,,221.0,C02,TRÁNSITO,AUTOMOVIL,PARTICULAR
2020-10-01,13.0,Con heridos,Choque,,,278.0,C02,TRÁNSITO,AUTOMOVIL,PARTICULAR
2020-10-02,11.0,Solo daños,Choque,,,204.0,C02,TRÁNSITO,AUTOMOVIL,PARTICULAR
2020-10-03,12.0,Solo daños,Choque,,,221.0,C02,TRÁNSITO,AUTOMOVIL,PARTICULAR
2020-10-04,12.0,Con heridos,Choque,,,203.0,C29,TRÁNSITO,AUTOMOVIL,PARTICULAR
2020-10-05,15.0,Solo daños,Choque,,,229.0,C02,TRÁNSITO,AUTOMOVIL,PARTICULAR
2020-10-06,11.0,Solo daños,Choque,,,236.0,C02,TRÁNSITO,AUTOMOVIL,PARTICULAR
2020-10-07,17.0,Solo daños,Choque,,,258.0,C02,TRÁNSITO,AUTOMOVIL,PARTICULAR
2020-10-08,8.0,Solo daños,Choque,,,264.0,C02,TRÁNSITO,AUTOMOVIL,PARTICULAR
2020-10-09,16.0,Con heridos,Choque,,,232.0,C02,TRÁNSITO,AUTOMOVIL,PARTICULAR
2020-10-10,10.0,Solo daños,Choque,,,96.0,C29,TRÁNSITO,AUTOMOVIL,PARTICULAR
2020-10-11,5.0,Solo daños,Choque,,,221.0,C29,TRÁNSITO,AUTOMOVIL,PARTICULAR
2020-10-12,8.0,Con heridos,Choque,,,188.0,C29,TRÁNSITO,AUTOMOVIL,PARTICULAR
2020-10-13,10.0,Solo daños,Choque,,,249.0,C02,TRÁNSITO,AUTOMOVIL,PARTICULAR
2020-10-14,10.0,Con heridos,Choque,,,259.0,C02,TRÁNSITO,AUTOMOVIL,PARTICULAR
2020-10-15,10.0,Con heridos,Choque,,,226.0,C02,TRÁNSITO,AUTOMOVIL,PARTICULAR
2020-10-16,13.0,Solo daños,Choque,,,241.0,C02,TRÁNSITO,AUTOMOVIL,PARTICULAR
2020-10-17,6.0,Solo daños,Choque,,,249.0,C02,TRÁNSITO,AUTOMOVIL,PARTICULAR
2020-10-18,7.0,Solo daños,Choque,,,184.0,C29,TRÁNSITO,AUTOMOVIL,PARTICULAR
2020-10-19,10.0,Con heridos,Choque,,,244.0,C02,TRÁNSITO,AUTOMOVIL,PARTICULAR
2020-10-20,13.0,Solo daños,Choque,,,240.0,C02,TRÁNSITO,AUTOMOVIL,PARTICULAR
2020-10-21,11.0,Solo daños,Choque,,,232.0,C02,TRÁNSITO,AUTOMOVIL,PARTICULAR
2020-10-22,13.0,Solo daños,Choque,,,224.0,C02,TRÁNSITO,AUTOMOVIL,PARTICULAR
2020-10-23,14.0,Con heridos,Choque,,,238.0,C02,TRÁNSITO,AUTOMOVIL,PARTICULAR
2020-10-24,12.0,Solo daños,Choque,,,255.0,C02,TRÁNSITO,AUTOMOVIL,PARTICULAR
2020-10-25,10.0,Solo daños,Choque,,,213.0,C29,TRÁNSITO,AUTOMOVIL,PARTICULAR
2020-10-26,12.0,Solo daños,Choque,,,203.0,C02,TRÁNSITO,AUTOMOVIL,PARTICULAR
2020-10-27,18.0,Solo daños,Choque,,,222.0,C02,TRÁNSITO,AUTOMOVIL,PARTICULAR
2020-10-28,10.0,Con heridos,Choque,,,163.0,C02,TRÁNSITO,AUTOMOVIL,PARTICULAR
2020-10-29,8.0,Solo daños,Choque,,,203.0,C02,TRÁNSITO,AUTOMOVIL,PARTICULAR
2020-10-30,14.0,Solo daños,Choque,,,226.0,C02,TRÁNSITO,AUTOMOVIL,PARTICULAR
2020-10-31,15.0,Solo daños,Choque,,,189.0,C02,TRÁNSITO,AUTOMOVIL,PARTICULAR
2020-11-01,7.0,Solo daños,Choque,,,183.0,C29,TRÁNSITO,AUTOMOVIL,PARTICULAR
2020-11-02,6.0,Con heridos,Choque,,,172.0,C29,TRÁNSITO,AUTOMOVIL,PARTICULAR
2020-11-03,10.0,Solo daños,Choque,,,218.0,C02,TRÁNSITO,AUTOMOVIL,PARTICULAR
2020-11-04,11.0,Solo daños,Choque,,,218.0,C02,TRÁNSITO,AUTOMOVIL,PARTICULAR
2020-11-05,10.0,Solo daños,Choque,,,191.0,C02,TRÁNSITO,AUTOMOVIL,PARTICULAR
2020-11-06,11.0,Solo daños,Choque,,,145.0,C02,TRÁNSITO,AUTOMOVIL,PARTICULAR
2020-11-07,8.0,Solo daños,Choque,,,204.0,C02,TRÁNSITO,AUTOMOVIL,PARTICULAR
2020-11-08,5.0,Solo daños,Choque,,,138.0,C29,TRÁNSITO,AUTOMOVIL,PARTICULAR
2020-11-09,9.0,Solo daños,Choque,,,210.0,C02,TRÁNSITO,AUTOMOVIL,PARTICULAR
2020-11-10,14.0,Solo daños,Choque,,,215.0,C02,TRÁNSITO,AUTOMOVIL,PARTICULAR
2020-11-11,6.0,Solo daños,Choque,,,200.0,C02,TRÁNSITO,AUTOMOVIL,PARTICULAR
2020-11-12,10.0,Con heridos,Choque,,,211.0,C02,TRÁNSITO,AUTOMOVIL,PARTICULAR
2020-11-13,9.0,Solo daños,Choque,,,203.0,C02,TRÁNSITO,AUTOMOVIL,PARTICULAR
2020-11-14,13.0,Solo daños,Choque,,,148.0,C02,TRÁNSITO,AUTOMOVIL,PARTICULAR
2020-11-15,2.0,Solo daños,Choque,,,148.0,C29,TRÁNSITO,AUTOMOVIL,PARTICULAR
2020-11-16,13.0,Con heridos,Choque,,,191.0,C29,TRÁNSITO,AUTOMOVIL,PARTICULAR
2020-11-17,15.0,Solo daños,Choque,,,145.0,C02,TRÁNSITO,AUTOMOVIL,PARTICULAR
2020-11-18,7.0,Solo daños,Choque,,,178.0,C02,TRÁNSITO,AUTOMOVIL,PARTICULAR
2020-11-19,11.0,Solo daños,Choque,,,203.0,C02,TRÁNSITO,AUTOMOVIL,PARTICULAR
2020-11-20,12.0,Solo daños,Choque,,,169.0,C02,TRÁNSITO,AUTOMOVIL,PARTICULAR
2020-11-21,9.0,Solo daños,Choque,,,202.0,C02,TRÁNSITO,AUTOMOVIL,PARTICULAR
2020-11-22,5.0,Con heridos,Choque,,,159.0,C29,TRÁNSITO,AUTOMOVIL,PARTICULAR
2020-11-23,15.0,Solo daños,Choque,,,176.0,C02,TRÁNSITO,AUTOMOVIL,PARTICULAR
2020-11-24,14.0,Solo daños,Choque,,,196.0,C02,TRÁNSITO,AUTOMOVIL,PARTICULAR
2020-11-25,5.0,Solo daños,Choque,,,206.0,C02,TRÁNSITO,AUTOMOVIL,PARTICULAR
2020-11-26,13.0,Solo daños,Choque,,,182.0,C02,TRÁNSITO,AUTOMOVIL,PARTICULAR
2020-11-27,11.0,Con heridos,Choque,,,199.0,C02,TRÁNSITO,AUTOMOVIL,PARTICULAR
2020-11-28,12.0,Solo daños,Choque,,,226.0,C02,TRÁNSITO,AUTOMOVIL,PARTICULAR
2020-11-29,7.0,Con heridos,Choque,,,187.0,C29,TRÁNSITO,AUTOMOVIL,PARTICULAR
2020-11-30,8.0,Solo daños,Choque,,,192.0,C02,TRÁNSITO,AUTOMOVIL,PARTICULAR
2020-12-01,16.0,Solo daños,Choque,,,172.0,C02,TRÁNSITO,AUTOMOVIL,PARTICULAR
2020-12-02,12.0,Solo daños,Choque,,,205.0,C02,TRÁNSITO,AUTOMOVIL,PARTICULAR
2020-12-03,15.0,Solo daños,Choque,,,251.0,C02,TRÁNSITO,AUTOMOVIL,PARTICULAR
2020-12-04,11.0,Solo daños,Choque,,,226.0,C02,TRÁNSITO,AUTOMOVIL,PARTICULAR
2020-12-05,16.0,Solo daños,Choque,,,123.0,C29,TRÁNSITO,AUTOMOVIL,PARTICULAR
2020-12-06,8.0,Solo daños,Choque,,,175.0,C29,TRÁNSITO,AUTOMOVIL,PARTICULAR
2020-12-07,14.0,Solo daños,Choque,,,197.0,C02,TRÁNSITO,AUTOMOVIL,PARTICULAR
2020-12-08,6.0,Con heridos,Choque,,,184.0,C29,TRÁNSITO,AUTOMOVIL,PARTICULAR
2020-12-09,16.0,Solo daños,Choque,,,220.0,C02,TRÁNSITO,AUTOMOVIL,PARTICULAR
2020-12-10,9.0,Solo daños,Choque,,,183.0,C02,TRÁNSITO,AUTOMOVIL,PARTICULAR
2020-12-11,12.0,Solo daños,Choque,,,207.0,C02,TRÁNSITO,AUTOMOVIL,PARTICULAR
2020-12-12,17.0,Solo daños,Choque,,,157.0,C02,TRÁNSITO,AUTOMOVIL,PARTICULAR
2020-12-13,7.0,Solo daños,Choque,,,170.0,C29,TRÁNSITO,AUTOMOVIL,PARTICULAR
2020-12-14,16.0,Solo daños,Choque,,,207.0,C02,TRÁNSITO,AUTOMOVIL,PARTICULAR
2020-12-15,22.0,Solo daños,Choque,,,214.0,C02,TRÁNSITO,AUTOMOVIL,PARTICULAR
2020-12-16,12.0,Solo daños,Choque,,,212.0,C02,TRÁNSITO,AUTOMOVIL,PARTICULAR
2020-12-17,15.0,Solo daños,Choque,,,192.0,C02,TRÁNSITO,AUTOMOVIL,PARTICULAR
2020-12-18,12.0,Solo daños,Choque,,,227.0,C02,TRÁNSITO,AUTOMOVIL,PARTICULAR
2020-12-19,13.0,Solo daños,Choque,,,202.0,C02,TRÁNSITO,AUTOMOVIL,PARTICULAR
2020-12-20,13.0,Solo daños,Choque,,,200.0,C29,TRÁNSITO,AUTOMOVIL,PARTICULAR
2020-12-21,28.0,Solo daños,Choque,,,192.0,C02,TRÁNSITO,AUTOMOVIL,PARTICULAR
2020-12-22,10.0,Solo daños,Choque,,,196.0,C02,TRÁNSITO,AUTOMOVIL,PARTICULAR
2020-12-23,15.0,Solo daños,Choque,,,197.0,C02,TRÁNSITO,AUTOMOVIL,PARTICULAR
2020-12-24,18.0,Solo daños,Choque,,,144.0,C29,TRÁNSITO,AUTOMOVIL,PARTICULAR
2020-12-25,8.0,Con heridos,Choque,,,227.0,C29,TRÁNSITO,AUTOMOVIL,PARTICULAR
2020-12-26,16.0,Solo daños,Choque,,,268.0,C02,TRÁNSITO,AUTOMOVIL,PARTICULAR
2020-12-27,9.0,Solo daños,Choque,,,186.0,C29,TRÁNSITO,AUTOMOVIL,PARTICULAR
2020-12-28,10.0,Solo daños,Choque,,,223.0,C02,TRÁNSITO,AUTOMOVIL,PARTICULAR
2020-12-29,11.0,Solo daños,Choque,,,240.0,C02,TRÁNSITO,AUTOMOVIL,PARTICULAR
2020-12-30,9.0,Solo daños,Choque,,,207.0,C02,TRÁNSITO,AUTOMOVIL,PARTICULAR
2020-12-31,10.0,Solo daños,Choque,,,150.0,C29,TRÁNSITO,AUTOMOVIL,PARTICULAR
2021-01-01,3.0,Con heridos,Choque,,,248.0,C29,TRÁNSITO,AUTOMOVIL,PARTICULAR
2021-01-02,6.0,Con heridos,Choque,,,202.0,C29,TRÁNSITO,AUTOMOVIL,PARTICULAR
2021-01-03,4.0,Solo daños,Choque,,,237.0,C29,TRÁNSITO,AUTOMOVIL,PARTICULAR
2021-01-04,10.0,Solo daños,Choque,,,126.0,C29,TRÁNSITO,AUTOMOVIL,PARTICULAR
2021-01-05,5.0,Solo daños,Choque,,,99.0,C29,TRÁNSITO,AUTOMOVIL,PARTICULAR
2021-01-06,12.0,Solo daños,Choque,,,129.0,C29,TRÁNSITO,AUTOMOVIL,PARTICULAR
2021-01-07,9.0,Solo daños,Choque,,,116.0,C29,TRÁNSITO,AUTOMOVIL,PARTICULAR
2021-01-08,6.0,Solo daños,Choque,,,118.0,C29,TRÁNSITO,AUTOMOVIL,PARTICULAR
2021-01-09,10.0,Con heridos,Choque,,,137.0,C29,TRÁNSITO,AUTOMOVIL,PARTICULAR
2021-01-10,8.0,Con heridos,Choque,,,232.0,C29,TRÁNSITO,AUTOMOVIL,PARTICULAR
2021-01-11,7.0,Con heridos,Choque,,,231.0,C29,TRÁNSITO,AUTOMOVIL,PARTICULAR
2021-01-12,9.0,Solo daños,Choque,,,126.0,C29,TRÁNSITO,AUTOMOVIL,PARTICULAR
2021-01-13,16.0,Solo daños,Choque,,,140.0,C29,TRÁNSITO,AUTOMOVIL,PARTICULAR
2021-01-14,12.0,Solo daños,Choque,,,97.0,C29,TRÁNSITO,AUTOMOVIL,PARTICULAR
2021-01-15,11.0,Solo daños,Choque,,,100.0,C29,TRÁNSITO,AUTOMOVIL,PARTICULAR
2021-01-16,14.0,Solo daños,Choque,,,112.0,C29,TRÁNSITO,AUTOMOVIL,PARTICULAR
2021-01-17,12.0,Con heridos,Choque,,,209.0,C29,TRÁNSITO,AUTOMOVIL,PARTICULAR
2021-01-18,16.0,Solo daños,Choque,,,122.0,C29,TRÁNSITO,AUTOMOVIL,PARTICULAR
2021-01-19,18.0,Solo daños,Choque,,,139.0,C29,TRÁNSITO,AUTOMOVIL,PARTICULAR
2021-01-20,11.0,Solo daños,Choque,,,166.0,C02,TRÁNSITO,AUTOMOVIL,PARTICULAR
2021-01-21,14.0,Solo daños,Choque,,,226.0,C02,TRÁNSITO,AUTOMOVIL,PARTICULAR
2021-01-22,20.0,Solo daños,Choque,,,222.0,C02,TRÁNSITO,AUTOMOVIL,PARTICULAR
2021-01-23,11.0,Solo daños,Choque,,,256.0,C02,TRÁNSITO,AUTOMOVIL,PARTICULAR
2021-01-24,9.0,Solo daños,Choque,,,202.0,C29,TRÁNSITO,AUTOMOVIL,PARTICULAR
2021-01-25,16.0,Solo daños,Choque,,,277.0,C02,TRÁNSITO,AUTOMOVIL,PARTICULAR
2021-01-26,11.0,Solo daños,Choque,,,289.0,C02,TRÁNSITO,AUTOMOVIL,PARTICULAR
2021-01-27,15.0,Solo daños,Choque,,,291.0,C02,TRÁNSITO,AUTOMOVIL,PARTICULAR
2021-01-28,17.0,Solo daños,Choque,,,240.0,C02,TRÁNSITO,AUTOMOVIL,PARTICULAR
2021-01-29,14.0,Solo daños,Choque,,,249.0,C02,TRÁNSITO,AUTOMOVIL,PARTICULAR
2021-01-30,12.0,Solo daños,Choque,,,291.0,C02,TRÁNSITO,AUTOMOVIL,PARTICULAR
2021-01-31,8.0,Con heridos,Choque,,,207.0,C29,TRÁNSITO,AUTOMOVIL,PARTICULAR
2021-02-01,10.0,Con heridos,Choque,,,259.0,C02,TRÁNSITO,AUTOMOVIL,PARTICULAR
2021-02-02,15.0,Solo daños,Choque,,,282.0,C02,TRÁNSITO,AUTOMOVIL,PARTICULAR
2021-02-03,8.0,Solo daños,Choque,,,289.0,C02,TRÁNSITO,AUTOMOVIL,PARTICULAR
2021-02-04,9.0,Solo daños,Choque,,,260.0,C02,TRÁNSITO,AUTOMOVIL,PARTICULAR
2021-02-05,12.0,Solo daños,Choque,,,281.0,C02,TRÁNSITO,AUTOMOVIL,PARTICULAR
2021-02-06,16.0,Solo daños,Choque,,,281.0,C02,TRÁNSITO,AUTOMOVIL,PARTICULAR
2021-02-07,5.0,Con heridos,Choque,,,164.0,C29,TRÁNSITO,AUTOMOVIL,PARTICULAR
2021-02-08,16.0,Solo daños,Choque,,,224.0,C02,TRÁNSITO,AUTOMOVIL,PARTICULAR
2021-02-09,15.0,Solo daños,Choque,,,274.0,C02,TRÁNSITO,AUTOMOVIL,PARTICULAR
2021-02-10,13.0,Solo daños,Choque,,,276.0,C02,TRÁNSITO,AUTOMOVIL,PARTICULAR
2021-02-11,6.0,Con heridos,Choque,,,234.0,C02,TRÁNSITO,AUTOMOVIL,PARTICULAR
2021-02-12,12.0,Solo daños,Choque,,,261.0,C02,TRÁNSITO,AUTOMOVIL,PARTICULAR
2021-02-13,12.0,Solo daños,Choque,,,163.0,C29,TRÁNSITO,AUTOMOVIL,PARTICULAR
2021-02-14,2.0,Solo daños,Choque,,,230.0,C29,TRÁNSITO,AUTOMOVIL,PARTICULAR
2021-02-15,13.0,Solo daños,Choque,,,235.0,C02,TRÁNSITO,AUTOMOVIL,PARTICULAR
2021-02-16,11.0,Solo daños,Choque,,,230.0,C02,TRÁNSITO,AUTOMOVIL,PARTICULAR
2021-02-17,13.0,Solo daños,Choque,,,244.0,C02,TRÁNSITO,AUTOMOVIL,PARTICULAR
2021-02-18,13.0,Solo daños,Choque,,,230.0,C02,TRÁNSITO,AUTOMOVIL,PARTICULAR
2021-02-19,9.0,Solo daños,Choque,,,247.0,C02,TRÁNSITO,AUTOMOVIL,PARTICULAR
2021-02-20,14.0,Con heridos,Choque,,,188.0,C02,TRÁNSITO,AUTOMOVIL,PARTICULAR
2021-02-21,15.0,Solo daños,Choque,,,188.0,C29,TRÁNSITO,AUTOMOVIL,PARTICULAR
2021-02-22,15.0,Solo daños,Choque,,,188.0,C02,TRÁNSITO,AUTOMOVIL,PARTICULAR
2021-02-23,13.0,Con heridos,Choque,,,250.0,C02,TRÁNSITO,AUTOMOVIL,PARTICULAR
2021-02-24,14.0,Solo daños,Choque,,,241.0,C02,TRÁNSITO,AUTOMOVIL,PARTICULAR
2021-02-25,12.0,Solo daños,Choque,,,247.0,C02,TRÁNSITO,AUTOMOVIL,PARTICULAR
2021-02-26,15.0,Solo daños,Choque,,,269.0,C02,TRÁNSITO,AUTOMOVIL,PARTICULAR
2021-02-27,23.0,Solo daños,Choque,,,259.0,C02,TRÁNSITO,AUTOMOVIL,PARTICULAR
2021-02-28,8.0,Solo daños,Choque,,,194.0,C29,TRÁNSITO,AUTOMOVIL,PARTICULAR
2021-03-01,14.0,Solo daños,Choque,,,238.0,C02,TRÁNSITO,AUTOMOVIL,PARTICULAR
2021-03-02,19.0,Solo daños,Choque,,,220.0,C02,TRÁNSITO,AUTOMOVIL,PARTICULAR
2021-03-03,10.0,Solo daños,Choque,,,221.0,C02,TRÁNSITO,AUTOMOVIL,PARTICULAR
2021-03-04,11.0,Solo daños,Choque,,,243.0,C02,TRÁNSITO,AUTOMOVIL,PARTICULAR
2021-03-05,17.0,Solo daños,Choque,,,266.0,C02,TRÁNSITO,AUTOMOVIL,PARTICULAR
2021-03-06,12.0,Solo daños,Choque,,,238.0,C02,TRÁNSITO,AUTOMOVIL,PARTICULAR
2021-03-07,8.0,Con heridos,Choque,,,154.0,C29,TRÁNSITO,AUTOMOVIL,PARTICULAR
2021-03-08,20.0,Solo daños,Choque,,,212.0,C02,TRÁNSITO,AUTOMOVIL,PARTICULAR
2021-03-09,13.0,Solo daños,Choque,,,219.0,C02,TRÁNSITO,AUTOMOVIL,PARTICULAR
2021-03-10,13.0,Solo daños,Choque,,,217.0,C02,TRÁNSITO,AUTOMOVIL,PARTICULAR
2021-03-11,16.0,Solo daños,Choque,,,209.0,C02,TRÁNSITO,AUTOMOVIL,PARTICULAR
2021-03-12,14.0,Con heridos,Choque,,,221.0,C02,TRÁNSITO,AUTOMOVIL,PARTICULAR
2021-03-13,13.0,Solo daños,Choque,,,226.0,C02,TRÁNSITO,AUTOMOVIL,PARTICULAR
2021-03-14,12.0,Solo daños,Choque,,,159.0,C29,TRÁNSITO,AUTOMOVIL,PARTICULAR
2021-03-15,12.0,Solo daños,Choque,,,193.0,C02,TRÁNSITO,AUTOMOVIL,PARTICULAR
2021-03-16,15.0,Solo daños,Choque,,,219.0,C02,TRÁNSITO,AUTOMOVIL,PARTICULAR
2021-03-17,10.0,Solo daños,Choque,,,222.0,C02,TRÁNSITO,AUTOMOVIL,PARTICULAR
2021-03-18,10.0,Solo daños,Choque,,,225.0,C02,TRÁNSITO,AUTOMOVIL,PARTICULAR
2021-03-19,14.0,Solo daños,Choque,,,243.0,C02,TRÁNSITO,AUTOMOVIL,PARTICULAR
2021-03-20,12.0,Con heridos,Choque,,,227.0,C02,TRÁNSITO,AUTOMOVIL,PARTICULAR
2021-03-21,8.0,Con heridos,Choque,,,173.0,C29,TRÁNSITO,AUTOMOVIL,PARTICULAR
2021-03-22,6.0,Solo daños,Choque,,,141.0,C29,TRÁNSITO,AUTOMOVIL,PARTICULAR
2021-03-23,7.0,Solo daños,Choque,,,213.0,C02,TRÁNSITO,AUTOMOVIL,PARTICULAR
2021-03-24,10.0,Solo daños,Choque,,,185.0,C02,TRÁNSITO,AUTOMOVIL,PARTICULAR
2021-03-25,20.0,Solo daños,Choque,,,152.0,C02,TRÁNSITO,AUTOMOVIL,PARTICULAR
2021-03-26,12.0,Solo daños,Choque,,,158.0,C02,TRÁNSITO,AUTOMOVIL,PARTICULAR
2021-03-27,13.0,Solo daños,Choque,,,135.0,C02,TRÁNSITO,AUTOMOVIL,PARTICULAR
2021-03-28,11.0,Solo daños,Choque,,,142.0,C29,TRÁNSITO,AUTOMOVIL,PARTICULAR
2021-03-29,7.0,Solo daños,Choque,,,207.0,C02,TRÁNSITO,AUTOMOVIL,PARTICULAR
2021-03-30,9.0,Solo daños,Choque,,,162.0,C02,TRÁNSITO,AUTOMOVIL,PARTICULAR
2021-03-31,14.0,Solo daños,Choque,,,126.0,C29,TRÁNSITO,AUTOMOVIL,PARTICULAR
2021-04-01,6.0,Con heridos,Choque,,,137.0,C29,TRÁNSITO,AUTOMOVIL,PARTICULAR
2021-04-02,6.0,Con heridos,Choque,,,224.0,C29,TRÁNSITO,AUTOMOVIL,PARTICULAR
2021-04-03,5.0,Solo daños,Choque,,,127.0,C29,TRÁNSITO,AUTOMOVIL,PARTICULAR
2021-04-04,5.0,Solo daños,Choque,,,203.0,C29,TRÁNSITO,AUTOMOVIL,PARTICULAR
2021-04-05,14.0,Solo daños,Choque,,,166.0,C02,TRÁNSITO,AUTOMOVIL,PARTICULAR
2021-04-06,8.0,Solo daños,Choque,,,149.0,C02,TRÁNSITO,AUTOMOVIL,PARTICULAR
2021-04-07,4.0,Solo daños,Choque,,,126.0,C02,TRÁNSITO,AUTOMOVIL,PARTICULAR
2021-04-08,11.0,Solo daños,Choque,,,105.0,C02,TRÁNSITO,AUTOMOVIL,PARTICULAR
2021-04-09,11.0,Solo daños,Choque,,,132.0,C02,TRÁNSITO,AUTOMOVIL,PARTICULAR
2021-04-10,5.0,Solo daños,Choque,,,89.0,C29,TRÁNSITO,AUTOMOVIL,PARTICULAR
2021-04-11,1.0,Con heridos,Choque,,,117.0,C29,TRÁNSITO,AUTOMOVIL,PARTICULAR
2021-04-12,10.0,Solo daños,Choque,,,88.0,C02,TRÁNSITO,AUTOMOVIL,PARTICULAR
2021-04-13,12.0,Con heridos,Choque,,,94.0,C02,TRÁNSITO,AUTOMOVIL,PARTICULAR
2021-04-14,7.0,Solo daños,Choque,,,135.0,C02,TRÁNSITO,AUTOMOVIL,PARTICULAR
2021-04-15,9.0,Solo daños,Choque,,,180.0,C02,TRÁNSITO,AUTOMOVIL,PARTICULAR
2021-04-16,12.0,Solo daños,Choque,,,160.0,C29,TRÁNSITO,AUTOMOVIL,PARTICULAR
2021-04-17,4.0,Con heridos,Choque,,,200.0,C29,TRÁNSITO,AUTOMOVIL,PARTICULAR
2021-04-18,5.0,Solo daños,Choque,,,179.0,C29,TRÁNSITO,AUTOMOVIL,PARTICULAR
2021-04-19,14.0,Solo daños,Choque,,,153.0,C29,TRÁNSITO,AUTOMOVIL,PARTICULAR
2021-04-20,8.0,Solo daños,Choque,,,237.0,C02,TRÁNSITO,AUTOMOVIL,PARTICULAR
2021-04-21,14.0,Solo daños,Choque,,,195.0,C02,TRÁNSITO,AUTOMOVIL,PARTICULAR
2021-04-22,11.0,Solo daños,Choque,,,224.0,C02,TRÁNSITO,AUTOMOVIL,PARTICULAR
2021-04-23,14.0,Solo daños,Choque,,,224.0,C02,TRÁNSITO,AUTOMOVIL,PARTICULAR
2021-04-24,5.0,Solo daños,Choque,,,170.0,C29,TRÁNSITO,AUTOMOVIL,PARTICULAR
2021-04-25,1.0,Con heridos,Volcamiento,,,222.0,C29,TRÁNSITO,AUTOMOVIL,PARTICULAR
2021-04-26,18.0,Solo daños,Choque,,,207.0,C02,TRÁNSITO,AUTOMOVIL,PARTICULAR
2021-04-27,14.0,Solo daños,Choque,,,188.0,C02,TRÁNSITO,AUTOMOVIL,PARTICULAR
2021-04-28,11.0,Solo daños,Choque,,,83.0,C29,TRÁNSITO,AUTOMOVIL,PARTICULAR
2021-04-29,8.0,Solo daños,Choque,,,169.0,C02,TRÁNSITO,AUTOMOVIL,PARTICULAR
2021-04-30,17.0,Solo daños,Choque,,,189.0,C02,TRÁNSITO,AUTOMOVIL,PARTICULAR
2021-05-01,6.0,Con heridos,Choque,,,214.0,C29,TRÁNSITO,AUTOMOVIL,PARTICULAR
2021-05-02,3.0,Solo daños,Choque,,,193.0,C29,TRÁNSITO,AUTOMOVIL,PARTICULAR
2021-05-03,10.0,Solo daños,Choque,,,103.0,C29,TRÁNSITO,AUTOMOVIL,PARTICULAR
2021-05-04,10.0,Con heridos,Choque,,,64.0,C29,TRÁNSITO,AUTOMOVIL,PARTICULAR
2021-05-05,7.0,Solo daños,Choque,,,100.0,C29,TRÁNSITO,AUTOMOVIL,PARTICULAR
2021-05-06,12.0,Solo daños,Choque,,,112.0,C29,TRÁNSITO,AUTOMOVIL,PARTICULAR
2021-05-07,9.0,Solo daños,Choque,,,89.0,C29,TRÁNSITO,AUTOMOVIL,PARTICULAR
2021-05-08,6.0,Con heridos,Choque,,,87.0,C29,TRÁNSITO,AUTOMOVIL,PARTICULAR
2021-05-09,5.0,Con heridos,Choque,,,139.0,C29,TRÁNSITO,AUTOMOVIL,PARTICULAR
2021-05-10,16.0,Solo daños,Choque,,,148.0,C02,TRÁNSITO,AUTOMOVIL,PARTICULAR
2021-05-11,12.0,Solo daños,Choque,,,114.0,C02,TRÁNSITO,AUTOMOVIL,PARTICULAR
2021-05-12,6.0,Solo daños,Choque,,,80.0,C29,TRÁNSITO,AUTOMOVIL,PARTICULAR
2021-05-13,12.0,Con heridos,Choque,,,134.0,C02,TRÁNSITO,AUTOMOVIL,PARTICULAR
2021-05-14,10.0,Solo daños,Choque,,,131.0,C02,TRÁNSITO,AUTOMOVIL,PARTICULAR
2021-05-15,13.0,Con heridos,Choque,,,121.0,C02,TRÁNSITO,AUTOMOVIL,PARTICULAR
2021-05-16,5.0,Solo daños,Choque,,,128.0,C29,TRÁNSITO,AUTOMOVIL,PARTICULAR
2021-05-17,4.0,Con heridos,Choque,,,120.0,C29,TRÁNSITO,AUTOMOVIL,PARTICULAR
2021-05-18,14.0,Solo daños,Choque,,,128.0,C02,TRÁNSITO,AUTOMOVIL,PARTICULAR
2021-05-19,7.0,Solo daños,Choque,,,149.0,C02,TRÁNSITO,AUTOMOVIL,PARTICULAR
2021-05-20,8.0,Solo daños,Choque,,,141.0,C02,TRÁNSITO,AUTOMOVIL,PARTICULAR
2021-05-21,12.0,Con heridos,Choque,,,155.0,C02,TRÁNSITO,AUTOMOVIL,PARTICULAR
2021-05-22,10.0,Solo daños,Choque,,,138.0,C02,TRÁNSITO,AUTOMOVIL,PARTICULAR
2021-05-23,16.0,Solo daños,Choque,,,135.0,C29,TRÁNSITO,AUTOMOVIL,PARTICULAR
2021-05-24,12.0,Con heridos,Choque,,,141.0,C02,TRÁNSITO,AUTOMOVIL,PARTICULAR
2021-05-25,15.0,Solo daños,Choque,,,118.0,C02,TRÁNSITO,AUTOMOVIL,PARTICULAR
2021-05-26,15.0,Solo daños,Choque,,,126.0,C02,TRÁNSITO,AUTOMOVIL,PARTICULAR
2021-05-27,21.0,Solo daños,Choque,,,153.0,C02,TRÁNSITO,AUTOMOVIL,PARTICULAR
2021-05-28,10.0,Solo daños,Choque,,,131.0,C02,TRÁNSITO,AUTOMOVIL,PARTICULAR
2021-05-29,9.0,Solo daños,Choque,,,113.0,C02,TRÁNSITO,AUTOMOVIL,PARTICULAR
2021-05-30,9.0,Solo daños,Choque,,,130.0,C29,TRÁNSITO,AUTOMOVIL,PARTICULAR
2021-05-31,11.0,Solo daños,Choque,,,139.0,C02,TRÁNSITO,AUTOMOVIL,PARTICULAR
2021-06-01,13.0,Solo daños,Choque,,,99.0,C02,TRÁNSITO,AUTOMOVIL,PARTICULAR
2021-06-02,11.0,Solo daños,Choque,,,91.0,C02,TRÁNSITO,AUTOMOVIL,PARTICULAR
2021-06-03,14.0,Solo daños,Choque,,,116.0,C02,TRÁNSITO,AUTOMOVIL,PARTICULAR
2021-06-04,19.0,Solo daños,Choque,,,115.0,C02,TRÁNSITO,AUTOMOVIL,PARTICULAR
2021-06-05,11.0,Solo daños,Choque,,,107.0,C29,TRÁNSITO,AUTOMOVIL,PARTICULAR
2021-06-06,6.0,Con heridos,Choque,,,153.0,C29,TRÁNSITO,AUTOMOVIL,PARTICULAR
2021-06-07,10.0,Solo daños,Choque,,,85.0,C29,TRÁNSITO,AUTOMOVIL,PARTICULAR
2021-06-08,11.0,Solo daños,Choque,,,61.0,C29,TRÁNSITO,AUTOMOVIL,PARTICULAR
2021-06-09,17.0,Solo daños,Choque,,,35.0,C29,TRÁNSITO,AUTOMOVIL,PARTICULAR
2021-06-10,17.0,Solo daños,Choque,,,102.0,C02,TRÁNSITO,AUTOMOVIL,PARTICULAR
2021-06-11,10.0,Solo daños,Choque,,,99.0,C29,TRÁNSITO,AUTOMOVIL,PARTICULAR
2021-06-12,7.0,Solo daños,Choque,,,103.0,C29,TRÁNSITO,AUTOMOVIL,PARTICULAR
2021-06-13,10.0,Con heridos,Choque,,,148.0,C29,TRÁNSITO,AUTOMOVIL,PARTICULAR
2021-06-14,11.0,Con heridos,Choque,,,134.0,C29,TRÁNSITO,AUTOMOVIL,PARTICULAR
2021-06-15,15.0,Solo daños,Choque,,,99.0,C29,TRÁNSITO,AUTOMOVIL,PARTICULAR
2021-06-16,10.0,Con heridos,Choque,,,116.0,C02,TRÁNSITO,AUTOMOVIL,PARTICULAR
2021-06-17,11.0,Solo daños,Choque,,,111.0,C02,TRÁNSITO,AUTOMOVIL,PARTICULAR
2021-06-18,12.0,Con heridos,Choque,,,103.0,C02,TRÁNSITO,AUTOMOVIL,PARTICULAR
2021-06-19,21.0,Solo daños,Choque,,,137.0,C29,TRÁNSITO,AUTOMOVIL,PARTICULAR
2021-06-20,12.0,Solo daños,Choque,,,141.0,C29,TRÁNSITO,AUTOMOVIL,PARTICULAR
2021-06-21,15.0,Solo daños,Choque,,,80.0,C02,TRÁNSITO,AUTOMOVIL,PARTICULAR
2021-06-22,11.0,Solo daños,Choque,,,66.0,C02,TRÁNSITO,AUTOMOVIL,PARTICULAR
2021-06-23,12.0,Solo daños,Choque,,,93.0,C29,TRÁNSITO,AUTOMOVIL,PARTICULAR
2021-06-24,12.0,Solo daños,Choque,,,80.0,C29,TRÁNSITO,AUTOMOVIL,PARTICULAR
2021-06-25,10.0,Solo daños,Choque,,,106.0,C02,TRÁNSITO,AUTOMOVIL,PARTICULAR
2021-06-26,14.0,Solo daños,Choque,,,119.0,C29,TRÁNSITO,AUTOMOVIL,PARTICULAR
2021-06-27,11.0,Con heridos,Choque,,,149.0,C29,TRÁNSITO,AUTOMOVIL,PARTICULAR
2021-06-28,6.0,Solo daños,Choque,,,111.0,C29,TRÁNSITO,AUTOMOVIL,PARTICULAR
2021-06-29,12.0,Solo daños,Choque,,,108.0,C02,TRÁNSITO,AUTOMOVIL,PARTICULAR
2021-06-30,20.0,Solo daños,Choque,,,109.0,C02,TRÁNSITO,AUTOMOVIL,PARTICULAR
2021-07-01,10.0,Solo daños,Choque,,,96.0,C29,TRÁNSITO,AUTOMOVIL,PARTICULAR
2021-07-02,15.0,Solo daños,Choque,,,160.0,C02,TRÁNSITO,AUTOMOVIL,PARTICULAR
2021-07-03,8.0,Solo daños,Choque,,,142.0,C29,TRÁNSITO,AUTOMOVIL,PARTICULAR
2021-07-04,10.0,Con heridos,Choque,,,153.0,C29,TRÁNSITO,AUTOMOVIL,PARTICULAR
2021-07-05,9.0,Solo daños,Choque,,,157.0,C29,TRÁNSITO,AUTOMOVIL,PARTICULAR
2021-07-06,16.0,Solo daños,Choque,,,156.0,C02,TRÁNSITO,AUTOMOVIL,PARTICULAR
2021-07-07,8.0,Solo daños,Choque,,,176.0,C02,TRÁNSITO,AUTOMOVIL,PARTICULAR
2021-07-08,11.0,Solo daños,Choque,,,167.0,C02,TRÁNSITO,AUTOMOVIL,PARTICULAR
2021-07-09,15.0,Solo daños,Choque,,,176.0,C02,TRÁNSITO,AUTOMOVIL,PARTICULAR
2021-07-10,11.0,Solo daños,Choque,,,178.0,C02,TRÁNSITO,AUTOMOVIL,PARTICULAR
2021-07-11,6.0,Con heridos,Choque,,,162.0,C29,TRÁNSITO,AUTOMOVIL,PARTICULAR
2021-07-12,18.0,Solo daños,Choque,,,158.0,C02,TRÁNSITO,AUTOMOVIL,PARTICULAR
2021-07-13,15.0,Solo daños,Choque,,,152.0,C02,TRÁNSITO,AUTOMOVIL,PARTICULAR
2021-07-14,10.0,Con heridos,Choque,,,156.0,C02,TRÁNSITO,AUTOMOVIL,PARTICULAR
2021-07-15,14.0,Solo daños,Choque,,,198.0,C02,TRÁNSITO,AUTOMOVIL,PARTICULAR
2021-07-16,21.0,Solo daños,Choque,,,189.0,C02,TRÁNSITO,AUTOMOVIL,PARTICULAR
2021-07-17,16.0,Solo daños,Choque,,,190.0,C02,TRÁNSITO,AUTOMOVIL,PARTICULAR
2021-07-18,9.0,Solo daños,Choque,,,172.0,C29,TRÁNSITO,AUTOMOVIL,PARTICULAR
2021-07-19,19.0,Solo daños,Choque,,,151.0,C02,TRÁNSITO,AUTOMOVIL,PARTICULAR
2021-07-20,6.0,Con heridos,Choque,,,162.0,C29,TRÁNSITO,AUTOMOVIL,PARTICULAR
2021-07-21,18.0,Solo daños,Choque,,,142.0,C02,TRÁNSITO,AUTOMOVIL,PARTICULAR
2021-07-22,7.0,Con heridos,Choque,,,123.0,C02,TRÁNSITO,AUTOMOVIL,PARTICULAR
2021-07-23,16.0,Solo daños,Choque,,,145.0,C02,TRÁNSITO,AUTOMOVIL,PARTICULAR
2021-07-24,15.0,Solo daños,Choque,,,174.0,C02,TRÁNSITO,AUTOMOVIL,PARTICULAR
2021-07-25,13.0,Con heridos,Choque,,,170.0,C29,TRÁNSITO,AUTOMOVIL,PARTICULAR
2021-07-26,13.0,Solo daños,Choque,,,151.0,C02,TRÁNSITO,AUTOMOVIL,PARTICULAR
2021-07-27,15.0,Solo daños,Choque,,,111.0,C29,TRÁNSITO,AUTOMOVIL,PARTICULAR
2021-07-28,18.0,Solo daños,Choque,,,146.0,C02,TRÁNSITO,AUTOMOVIL,PARTICULAR
2021-07-29,14.0,Solo daños,Choque,,,131.0,C02,TRÁNSITO,AUTOMOVIL,PARTICULAR
2021-07-30,18.0,Solo daños,Choque,,,122.0,C02,TRÁNSITO,AUTOMOVIL,PARTICULAR
2021-07-31,19.0,Solo daños,Choque,,,173.0,C29,TRÁNSITO,AUTOMOVIL,PARTICULAR
2021-08-01,16.0,Con heridos,Choque,,,175.0,C29,TRÁNSITO,AUTOMOVIL,PARTICULAR
2021-08-02,13.0,Solo daños,Choque,,,142.0,C02,TRÁNSITO,AUTOMOVIL,PARTICULAR
2021-08-03,18.0,Solo daños,Choque,,,160.0,C02,TRÁNSITO,AUTOMOVIL,PARTICULAR
2021-08-04,12.0,Solo daños,Choque,,,176.0,C29,TRÁNSITO,AUTOMOVIL,PARTICULAR
2021-08-05,13.0,Solo daños,Choque,,,162.0,C29,TRÁNSITO,AUTOMOVIL,PARTICULAR
2021-08-06,22.0,Con heridos,Choque,,,148.0,C02,TRÁNSITO,AUTOMOVIL,PARTICULAR
2021-08-07,8.0,Solo daños,Choque,,,151.0,C29,TRÁNSITO,AUTOMOVIL,PARTICULAR
2021-08-08,16.0,Solo daños,Choque,,,240.0,C29,TRÁNSITO,AUTOMOVIL,PARTICULAR
2021-08-09,14.0,Con heridos,Choque,,,183.0,C02,TRÁNSITO,AUTOMOVIL,PARTICULAR
2021-08-10,12.0,Solo daños,Choque,,,146.0,C02,TRÁNSITO,AUTOMOVIL,PARTICULAR
2021-08-11,18.0,Solo daños,Choque,,,117.0,C29,TRÁNSITO,AUTOMOVIL,PARTICULAR
2021-08-12,20.0,Solo daños,Choque,,,163.0,C02,TRÁNSITO,AUTOMOVIL,PARTICULAR
2021-08-13,13.0,Solo daños,Choque,,,118.0,C02,TRÁNSITO,AUTOMOVIL,PARTICULAR
2021-08-14,19.0,Solo daños,Choque,,,162.0,C29,TRÁNSITO,AUTOMOVIL,PARTICULAR
2021-08-15,12.0,Con heridos,Choque,,,194.0,C29,TRÁNSITO,AUTOMOVIL,PARTICULAR
2021-08-16,10.0,Solo daños,Choque,,,163.0,C29,TRÁNSITO,AUTOMOVIL,PARTICULAR
2021-08-17,17.0,Solo daños,Choque,,,128.0,C02,TRÁNSITO,AUTOMOVIL,PARTICULAR
2021-08-18,17.0,Solo daños,Choque,,,96.0,C02,TRÁNSITO,AUTOMOVIL,PARTICULAR
2021-08-19,12.0,Solo daños,Choque,,,57.0,C02,TRÁNSITO,AUTOMOVIL,PARTICULAR
2021-08-20,16.0,Solo daños,Choque,,,68.0,C29,TRÁNSITO,AUTOMOVIL,PARTICULAR
2021-08-21,18.0,Solo daños,Choque,,,123.0,C29,TRÁNSITO,AUTOMOVIL,PARTICULAR
2021-08-22,7.0,Con heridos,Choque,,,128.0,C29,TRÁNSITO,AUTOMOVIL,PARTICULAR
2021-08-23,18.0,Solo daños,Choque,,,108.0,C29,TRÁNSITO,AUTOMOVIL,PARTICULAR
2021-08-24,15.0,Solo daños,Choque,,,85.0,C29,TRÁNSITO,AUTOMOVIL,PARTICULAR
2021-08-25,13.0,Solo daños,Choque,,,96.0,C02,TRÁNSITO,AUTOMOVIL,PARTICULAR
2021-08-26,14.0,Solo daños,Choque,,,120.0,C29,TRÁNSITO,AUTOMOVIL,PARTICULAR
2021-08-27,16.0,Solo daños,Choque,,,116.0,C02,TRÁNSITO,AUTOMOVIL,PARTICULAR
2021-08-28,16.0,Solo daños,Choque,,,143.0,C29,TRÁNSITO,AUTOMOVIL,PARTICULAR
2021-08-29,15.0,Solo daños,Choque,,,145.0,C29,TRÁNSITO,AUTOMOVIL,PARTICULAR
2021-08-30,17.0,Solo daños,Choque,,,92.0,C02,TRÁNSITO,AUTOMOVIL,PARTICULAR
2021-08-31,11.0,Solo daños,Choque,,,112.0,C02,TRÁNSITO,AUTOMOVIL,PARTICULAR
2021-09-01,15.0,Solo daños,Choque,,,124.0,C02,TRÁNSITO,AUTOMOVIL,PARTICULAR
2021-09-02,12.0,Solo daños,Choque,,,141.0,C02,TRÁNSITO,AUTOMOVIL,PARTICULAR
2021-09-03,14.0,Solo daños,Choque,,,160.0,C02,TRÁNSITO,AUTOMOVIL,PARTICULAR
2021-09-04,16.0,Solo daños,Choque,,,178.0,C02,TRÁNSITO,AUTOMOVIL,PARTICULAR
2021-09-05,6.0,Solo daños,Choque,,,154.0,C29,TRÁNSITO,AUTOMOVIL,PARTICULAR
2021-09-06,13.0,Solo daños,Choque,,,126.0,C02,TRÁNSITO,AUTOMOVIL,PARTICULAR
2021-09-07,24.0,Solo daños,Choque,,,146.0,C02,TRÁNSITO,AUTOMOVIL,PARTICULAR
2021-09-08,11.0,Solo daños,Choque,,,152.0,C02,TRÁNSITO,AUTOMOVIL,PARTICULAR
2021-09-09,16.0,Solo daños,Choque,,,149.0,C29,TRÁNSITO,AUTOMOVIL,PARTICULAR
2021-09-10,14.0,Solo daños,Choque,,,150.0,C02,TRÁNSITO,AUTOMOVIL,PARTICULAR
2021-09-11,13.0,Solo daños,Choque,,,146.0,C02,TRÁNSITO,AUTOMOVIL,PARTICULAR
2021-09-12,6.0,Solo daños,Choque,,,117.0,C29,TRÁNSITO,AUTOMOVIL,PARTICULAR
2021-09-13,17.0,Solo daños,Choque,,,112.0,C02,TRÁNSITO,AUTOMOVIL,PARTICULAR
2021-09-14,9.0,Solo daños,Choque,,,119.0,C02,TRÁNSITO,AUTOMOVIL,PARTICULAR
2021-09-15,17.0,Solo daños,Choque,,,140.0,C02,TRÁNSITO,AUTOMOVIL,PARTICULAR
2021-09-16,5.0,Solo daños,Choque,,,158.0,C02,TRÁNSITO,AUTOMOVIL,PARTICULAR
2021-09-17,17.0,Solo daños,Choque,,,162.0,C02,TRÁNSITO,AUTOMOVIL,PARTICULAR
2021-09-18,21.0,Solo daños,Choque,,,183.0,C02,TRÁNSITO,AUTOMOVIL,PARTICULAR
2021-09-19,12.0,Con heridos,Choque,,,165.0,C29,TRÁNSITO,AUTOMOVIL,PARTICULAR
2021-09-20,11.0,Solo daños,Choque,,,219.0,C02,TRÁNSITO,AUTOMOVIL,PARTICULAR
2021-09-21,16.0,Solo daños,Choque,,,163.0,C02,TRÁNSITO,AUTOMOVIL,PARTICULAR
2021-09-22,17.0,Solo daños,Choque,,,125.0,C02,TRÁNSITO,AUTOMOVIL,PARTICULAR
2021-09-23,12.0,Solo daños,Choque,,,131.0,C02,TRÁNSITO,AUTOMOVIL,PARTICULAR
2021-09-24,13.0,Solo daños,Choque,,,131.0,C29,TRÁNSITO,AUTOMOVIL,PARTICULAR
2021-09-25,10.0,Con heridos,Choque,,,123.0,C29,TRÁNSITO,AUTOMOVIL,PARTICULAR
2021-09-26,14.0,Con heridos,Choque,,,141.0,C29,TRÁNSITO,AUTOMOVIL,PARTICULAR
2021-09-27,8.0,Solo daños,Choque,,,93.0,C02,TRÁNSITO,AUTOMOVIL,PARTICULAR
2021-09-28,17.0,Solo daños,Choque,,,94.0,C02,TRÁNSITO,AUTOMOVIL,PARTICULAR
2021-09-29,16.0,Solo daños,Choque,,,126.0,C02,TRÁNSITO,AUTOMOVIL,PARTICULAR
2021-09-30,12.0,Con heridos,Choque,,,113.0,C02,TRÁNSITO,AUTOMOVIL,PARTICULAR
2021-10-01,11.0,Solo daños,Choque,,,135.0,C02,TRÁNSITO,AUTOMOVIL,PARTICULAR
2021-10-02,20.0,Solo daños,Choque,,,107.0,C02,TRÁNSITO,AUTOMOVIL,PARTICULAR
2021-10-03,7.0,Con heridos,Choque,,,70.0,C29,TRÁNSITO,AUTOMOVIL,PARTICULAR
2021-10-04,18.0,Solo daños,Choque,,,99.0,C02,TRÁNSITO,AUTOMOVIL,PARTICULAR
2021-10-05,24.0,Solo daños,Choque,,,90.0,C02,TRÁNSITO,AUTOMOVIL,PARTICULAR
2021-10-06,8.0,Solo daños,Choque,,,116.0,C02,TRÁNSITO,AUTOMOVIL,PARTICULAR
2021-10-07,12.0,Solo daños,Choque,,,119.0,C02,TRÁNSITO,AUTOMOVIL,PARTICULAR
2021-10-08,17.0,Solo daños,Choque,,,146.0,C02,TRÁNSITO,AUTOMOVIL,PARTICULAR
2021-10-09,11.0,Solo daños,Choque,,,152.0,C02,TRÁNSITO,AUTOMOVIL,PARTICULAR
2021-10-10,14.0,Solo daños,Choque,,,204.0,C29,TRÁNSITO,AUTOMOVIL,PARTICULAR
2021-10-11,11.0,Solo daños,Choque,,,179.0,C02,TRÁNSITO,AUTOMOVIL,PARTICULAR
2021-10-12,12.0,Solo daños,Choque,,,138.0,C02,TRÁNSITO,AUTOMOVIL,PARTICULAR
2021-10-13,9.0,Solo daños,Choque,,,147.0,C02,TRÁNSITO,AUTOMOVIL,PARTICULAR
2021-10-14,15.0,Solo daños,Choque,,,182.0,C29,TRÁNSITO,AUTOMOVIL,PARTICULAR
2021-10-15,15.0,Solo daños,Choque,,,145.0,C02,TRÁNSITO,AUTOMOVIL,PARTICULAR
2021-10-16,20.0,Solo daños,Choque,,,175.0,C02,TRÁNSITO,AUTOMOVIL,PARTICULAR
2021-10-17,16.0,Solo daños,Choque,,,127.0,C29,TRÁNSITO,AUTOMOVIL,PARTICULAR
2021-10-18,9.0,Solo daños,Choque,,,148.0,C29,TRÁNSITO,AUTOMOVIL,PARTICULAR
2021-10-19,16.0,Solo daños,Choque,,,103.0,C02,TRÁNSITO,AUTOMOVIL,PARTICULAR
2021-10-20,9.0,Solo daños,Choque,,,137.0,C02,TRÁNSITO,AUTOMOVIL,PARTICULAR
2021-10-21,17.0,Solo daños,Choque,,,139.0,C02,TRÁNSITO,AUTOMOVIL,PARTICULAR
2021-10-22,11.0,Solo daños,Choque,,,148.0,C02,TRÁNSITO,AUTOMOVIL,PARTICULAR
2021-10-23,13.0,Solo daños,Choque,,,100.0,C29,TRÁNSITO,AUTOMOVIL,PARTICULAR
2021-10-24,7.0,Con heridos,Choque,,,114.0,C29,TRÁNSITO,AUTOMOVIL,PARTICULAR
2021-10-25,18.0,Solo daños,Choque,,,139.0,C02,TRÁNSITO,AUTOMOVIL,PARTICULAR
2021-10-26,19.0,Solo daños,Choque,,,117.0,C02,TRÁNSITO,AUTOMOVIL,PARTICULAR
2021-10-27,11.0,Solo daños,Choque,,,140.0,C02,TRÁNSITO,AUTOMOVIL,PARTICULAR
2021-10-28,19.0,Solo daños,Choque,,,144.0,C02,TRÁNSITO,AUTOMOVIL,PARTICULAR
2021-10-29,12.0,Solo daños,Choque,,,141.0,C02,TRÁNSITO,AUTOMOVIL,PARTICULAR
2021-10-30,14.0,Solo daños,Choque,,,131.0,C02,TRÁNSITO,AUTOMOVIL,PARTICULAR
2021-10-31,16.0,Con heridos,Choque,,,134.0,C29,TRÁNSITO,AUTOMOVIL,PARTICULAR
2021-11-01,9.0,Con heridos,Choque,,,125.0,C29,TRÁNSITO,AUTOMOVIL,PARTICULAR
2021-11-02,20.0,Solo daños,Choque,,,126.0,C02,TRÁNSITO,AUTOMOVIL,PARTICULAR
2021-11-03,18.0,Solo daños,Choque,,,121.0,C02,TRÁNSITO,AUTOMOVIL,PARTICULAR
2021-11-04,12.0,Solo daños,Choque,,,113.0,C02,TRÁNSITO,AUTOMOVIL,PARTICULAR
2021-11-05,10.0,Solo daños,Choque,,,147.0,C02,TRÁNSITO,AUTOMOVIL,PARTICULAR
2021-11-06,14.0,Solo daños,Choque,,,133.0,C02,TRÁNSITO,AUTOMOVIL,PARTICULAR
2021-11-07,9.0,Solo daños,Choque,,,124.0,C29,TRÁNSITO,AUTOMOVIL,PARTICULAR
2021-11-08,20.0,Solo daños,Choque,,,142.0,C02,TRÁNSITO,AUTOMOVIL,PARTICULAR
2021-11-09,22.0,Solo daños,Choque,,,137.0,C02,TRÁNSITO,AUTOMOVIL,PARTICULAR
2021-11-10,20.0,Solo daños,Choque,,,158.0,C02,TRÁNSITO,AUTOMOVIL,PARTICULAR
2021-11-11,11.0,Solo daños,Choque,,,125.0,C02,TRÁNSITO,AUTOMOVIL,PARTICULAR
2021-11-12,21.0,Solo daños,Choque,,,126.0,C02,TRÁNSITO,AUTOMOVIL,PARTICULAR
2021-11-13,10.0,Solo daños,Choque,,,152.0,C02,TRÁNSITO,AUTOMOVIL,PARTICULAR
2021-11-14,4.0,Solo daños,Choque,,,125.0,C29,TRÁNSITO,AUTOMOVIL,PARTICULAR
2021-11-15,12.0,Solo daños,Choque,,,127.0,C29,TRÁNSITO,AUTOMOVIL,PARTICULAR
2021-11-16,18.0,Solo daños,Choque,,,121.0,C02,TRÁNSITO,AUTOMOVIL,PARTICULAR
2021-11-17,19.0,Solo daños,Choque,,,143.0,C02,TRÁNSITO,AUTOMOVIL,PARTICULAR
2021-11-18,14.0,Solo daños,Choque,,,157.0,C02,TRÁNSITO,AUTOMOVIL,PARTICULAR
2021-11-19,21.0,Solo daños,Choque,,,146.0,C02,TRÁNSITO,AUTOMOVIL,PARTICULAR
2021-11-20,17.0,Solo daños,Choque,,,152.0,C02,TRÁNSITO,AUTOMOVIL,PARTICULAR
2021-11-21,10.0,Solo daños,Choque,,,115.0,C29,TRÁNSITO,AUTOMOVIL,PARTICULAR
2021-11-22,17.0,Solo daños,Choque,,,174.0,C02,TRÁNSITO,AUTOMOVIL,PARTICULAR
2021-11-23,18.0,Solo daños,Choque,,,110.0,C02,TRÁNSITO,AUTOMOVIL,PARTICULAR
2021-11-24,20.0,Solo daños,Choque,,,134.0,C02,TRÁNSITO,AUTOMOVIL,PARTICULAR
2021-11-25,18.0,Solo daños,Choque,,,140.0,C02,TRÁNSITO,AUTOMOVIL,PARTICULAR
2021-11-26,12.0,Solo daños,Choque,,,137.0,C29,TRÁNSITO,AUTOMOVIL,PARTICULAR
2021-11-27,16.0,Solo daños,Choque,,,160.0,C02,TRÁNSITO,AUTOMOVIL,PARTICULAR
2021-11-28,14.0,Con heridos,Choque,,,140.0,C29,TRÁNSITO,AUTOMOVIL,PARTICULAR
2021-11-29,16.0,Solo daños,Choque,,,124.0,C02,TRÁNSITO,AUTOMOVIL,PARTICULAR
2021-11-30,16.0,Solo daños,Choque,,,122.0,C02,TRÁNSITO,AUTOMOVIL,PARTICULAR
2021-12-01,10.0,Solo daños,Choque,,,120.0,C29,TRÁNSITO,AUTOMOVIL,PARTICULAR
2021-12-02,18.0,Solo daños,Choque,,,123.0,C02,TRÁNSITO,AUTOMOVIL,PARTICULAR
2021-12-03,22.0,Solo daños,Choque,,,133.0,C02,TRÁNSITO,AUTOMOVIL,PARTICULAR
2021-12-04,17.0,Solo daños,Choque,,,150.0,C29,TRÁNSITO,AUTOMOVIL,PARTICULAR
2021-12-05,12.0,Solo daños,Choque,,,151.0,C29,TRÁNSITO,AUTOMOVIL,PARTICULAR
2021-12-06,15.0,Solo daños,Choque,,,113.0,C29,TRÁNSITO,AUTOMOVIL,PARTICULAR
2021-12-07,25.0,Solo daños,Choque,,,129.0,C29,TRÁNSITO,AUTOMOVIL,PARTICULAR
2021-12-08,12.0,Con heridos,Choque,,,188.0,C29,TRÁNSITO,AUTOMOVIL,PARTICULAR
2021-12-09,21.0,Solo daños,Choque,,,155.0,C02,TRÁNSITO,AUTOMOVIL,PARTICULAR
2021-12-10,18.0,Solo daños,Choque,,,173.0,C02,TRÁNSITO,AUTOMOVIL,PARTICULAR
2021-12-11,13.0,Solo daños,Choque,,,187.0,C02,TRÁNSITO,AUTOMOVIL,PARTICULAR
2021-12-12,8.0,Solo daños,Choque,,,145.0,C29,TRÁNSITO,AUTOMOVIL,PARTICULAR
2021-12-13,20.0,Solo daños,Choque,,,169.0,C02,TRÁNSITO,AUTOMOVIL,PARTICULAR
2021-12-14,14.0,Solo daños,Choque,,,164.0,C02,TRÁNSITO,AUTOMOVIL,PARTICULAR
2021-12-15,21.0,Solo daños,Choque,,,138.0,C02,TRÁNSITO,AUTOMOVIL,PARTICULAR
2021-12-16,13.0,Solo daños,Choque,,,159.0,C29,TRÁNSITO,AUTOMOVIL,PARTICULAR
2021-12-17,26.0,Solo daños,Choque,,,177.0,C02,TRÁNSITO,AUTOMOVIL,PARTICULAR
2021-12-18,17.0,Solo daños,Choque,,,144.0,C02,TRÁNSITO,AUTOMOVIL,PARTICULAR
2021-12-19,16.0,Solo daños,Choque,,,157.0,C29,TRÁNSITO,AUTOMOVIL,PARTICULAR
2021-12-20,20.0,Solo daños,Choque,,,157.0,C29,TRÁNSITO,AUTOMOVIL,PARTICULAR
2021-12-21,20.0,Solo daños,Choque,,,162.0,C02,TRÁNSITO,AUTOMOVIL,PARTICULAR
2021-12-22,20.0,Solo daños,Choque,,,137.0,C02,TRÁNSITO,AUTOMOVIL,PARTICULAR
2021-12-23,25.0,Solo daños,Choque,,,139.0,C29,TRÁNSITO,AUTOMOVIL,PARTICULAR
2021-12-24,13.0,Solo daños,Choque,,,155.0,C29,TRÁNSITO,AUTOMOVIL,PARTICULAR
2021-12-25,16.0,Solo daños,Choque,,,173.0,C29,TRÁNSITO,AUTOMOVIL,PARTICULAR
2021-12-26,12.0,Solo daños,Choque,,,180.0,C29,TRÁNSITO,AUTOMOVIL,PARTICULAR
2021-12-27,12.0,Solo daños,Choque,,,149.0,C29,TRÁNSITO,AUTOMOVIL,PARTICULAR
2021-12-28,24.0,Solo daños,Choque,,,140.0,C29,TRÁNSITO,AUTOMOVIL,PARTICULAR
2021-12-29,4.0,Con heridos,Choque,,,127.0,C29,TRÁNSITO,AUTOMOVIL,PARTICULAR
2021-12-30,13.0,Solo daños,Choque,,,150.0,C29,TRÁNSITO,AUTOMOVIL,PARTICULAR
2021-12-31,16.0,Solo daños,Choque,,,140.0,C29,TRÁNSITO,AUTOMOVIL,PARTICULAR
2022-01-01,3.0,Solo daños,Choque,,,218.0,C29,TRÁNSITO,AUTOMOVIL,PARTICULAR
2022-01-02,5.0,Con heridos,Choque,,,246.0,C29,TRÁNSITO,AUTOMOVIL,PARTICULAR
2022-01-03,11.0,Solo daños,Choque,,,183.0,C02,TRÁNSITO,AUTOMOVIL,PARTICULAR
2022-01-04,16.0,Solo daños,Choque,,,175.0,C29,TRÁNSITO,AUTOMOVIL,PARTICULAR
2022-01-05,10.0,Solo daños,Choque,,,156.0,C02,TRÁNSITO,AUTOMOVIL,PARTICULAR
2022-01-06,12.0,Solo daños,Choque,,,164.0,C02,TRÁNSITO,AUTOMOVIL,PARTICULAR
2022-01-07,8.0,Solo daños,Choque,,,170.0,C02,TRÁNSITO,AUTOMOVIL,PARTICULAR
2022-01-08,12.0,Solo daños,Choque,,,197.0,C29,TRÁNSITO,AUTOMOVIL,PARTICULAR
2022-01-09,4.0,Solo daños,Choque,,,201.0,C29,TRÁNSITO,AUTOMOVIL,PARTICULAR
2022-01-10,16.0,Solo daños,Choque,,,134.0,C29,TRÁNSITO,AUTOMOVIL,PARTICULAR
2022-01-11,18.0,Solo daños,Choque,,,144.0,C02,TRÁNSITO,AUTOMOVIL,PARTICULAR
2022-01-12,9.0,Solo daños,Choque,,,154.0,C02,TRÁNSITO,AUTOMOVIL,PARTICULAR
2022-01-13,8.0,Solo daños,Choque,,,141.0,C02,TRÁNSITO,AUTOMOVIL,PARTICULAR
2022-01-14,16.0,Solo daños,Choque,,,148.0,C02,TRÁNSITO,AUTOMOVIL,PARTICULAR
2022-01-15,11.0,Con heridos,Choque,,,166.0,C02,TRÁNSITO,AUTOMOVIL,PARTICULAR
2022-01-16,4.0,Solo daños,Choque,,,165.0,C29,TRÁNSITO,AUTOMOVIL,PARTICULAR
2022-01-17,12.0,Solo daños,Choque,,,178.0,C02,TRÁNSITO,AUTOMOVIL,PARTICULAR
2022-01-18,14.0,Solo daños,Choque,,,129.0,C02,TRÁNSITO,AUTOMOVIL,PARTICULAR
2022-01-19,19.0,Solo daños,Choque,,,144.0,C02,TRÁNSITO,AUTOMOVIL,PARTICULAR
2022-01-20,15.0,Solo daños,Choque,,,125.0,C02,TRÁNSITO,AUTOMOVIL,PARTICULAR
2022-01-21,21.0,Solo daños,Choque,,,128.0,C29,TRÁNSITO,AUTOMOVIL,PARTICULAR
2022-01-22,15.0,Solo daños,Choque,,,166.0,C02,TRÁNSITO,AUTOMOVIL,PARTICULAR
2022-01-23,14.0,Solo daños,Choque,,,133.0,C29,TRÁNSITO,AUTOMOVIL,PARTICULAR
2022-01-24,14.0,Solo daños,Choque,,,131.0,C02,TRÁNSITO,AUTOMOVIL,PARTICULAR
2022-01-25,12.0,Solo daños,Choque,,,119.0,C02,TRÁNSITO,AUTOMOVIL,PARTICULAR
2022-01-26,18.0,Solo daños,Choque,,,119.0,C29,TRÁNSITO,AUTOMOVIL,PARTICULAR
2022-01-27,10.0,Solo daños,Choque,,,136.0,C29,TRÁNSITO,AUTOMOVIL,PARTICULAR
2022-01-28,22.0,Solo daños,Choque,,,124.0,C29,TRÁNSITO,AUTOMOVIL,PARTICULAR
2022-01-29,12.0,Solo daños,Choque,,,183.0,C02,TRÁNSITO,AUTOMOVIL,PARTICULAR
2022-01-30,12.0,Solo daños,Choque,,,149.0,C29,TRÁNSITO,AUTOMOVIL,PARTICULAR
2022-01-31,21.0,Solo daños,Choque,,,130.0,C02,TRÁNSITO,AUTOMOVIL,PARTICULAR
2022-02-01,23.0,Solo daños,Choque,,,145.0,C02,TRÁNSITO,AUTOMOVIL,PARTICULAR
2022-02-02,12.0,Solo daños,Choque,,,135.0,C02,TRÁNSITO,AUTOMOVIL,PARTICULAR
2022-02-03,17.0,Solo daños,Choque,,,134.0,C02,TRÁNSITO,AUTOMOVIL,PARTICULAR
2022-02-04,24.0,Solo daños,Choque,,,121.0,C02,TRÁNSITO,AUTOMOVIL,PARTICULAR
2022-02-05,13.0,Solo daños,Choque,,,154.0,C02,TRÁNSITO,AUTOMOVIL,PARTICULAR
2022-02-06,10.0,Con heridos,Choque,,,160.0,C29,TRÁNSITO,AUTOMOVIL,PARTICULAR
2022-02-07,18.0,Con heridos,Choque,,,151.0,C02,TRÁNSITO,AUTOMOVIL,PARTICULAR
2022-02-08,11.0,Solo daños,Choque,,,105.0,C02,TRÁNSITO,AUTOMOVIL,PARTICULAR
2022-02-09,21.0,Solo daños,Choque,,,128.0,C02,TRÁNSITO,AUTOMOVIL,PARTICULAR
2022-02-10,16.0,Solo daños,Choque,,,131.0,C02,TRÁNSITO,AUTOMOVIL,PARTICULAR
2022-02-11,16.0,Solo daños,Choque,,,123.0,C02,TRÁNSITO,AUTOMOVIL,PARTICULAR
2022-02-12,10.0,Solo daños,Choque,,,176.0,C02,TRÁNSITO,AUTOMOVIL,PARTICULAR
2022-02-13,7.0,Con heridos,Choque,,,111.0,C29,TRÁNSITO,AUTOMOVIL,PARTICULAR
2022-02-14,18.0,Con heridos,Choque,,,132.0,C02,TRÁNSITO,AUTOMOVIL,PARTICULAR
2022-02-15,19.0,Solo daños,Choque,,,126.0,C02,TRÁNSITO,AUTOMOVIL,PARTICULAR
2022-02-16,17.0,Solo daños,Choque,,,130.0,C02,TRÁNSITO,AUTOMOVIL,PARTICULAR
2022-02-17,20.0,Solo daños,Choque,,,159.0,C02,TRÁNSITO,AUTOMOVIL,PARTICULAR
2022-02-18,20.0,Solo daños,Choque,,,109.0,C02,TRÁNSITO,AUTOMOVIL,PARTICULAR
2022-02-19,19.0,Solo daños,Choque,,,166.0,C02,TRÁNSITO,AUTOMOVIL,PARTICULAR
2022-02-20,15.0,Solo daños,Choque,,,125.0,C29,TRÁNSITO,AUTOMOVIL,PARTICULAR
2022-02-21,19.0,Solo daños,Choque,,,141.0,C02,TRÁNSITO,AUTOMOVIL,PARTICULAR
2022-02-22,13.0,Solo daños,Choque,,,137.0,C02,TRÁNSITO,AUTOMOVIL,PARTICULAR
2022-02-23,16.0,Solo daños,Choque,,,108.0,C02,TRÁNSITO,AUTOMOVIL,PARTICULAR
2022-02-24,14.0,Solo daños,Choque,,,48.0,C29,TRÁNSITO,AUTOMOVIL,PARTICULAR
2022-02-25,23.0,Solo daños,Choque,,,138.0,C02,TRÁNSITO,AUTOMOVIL,PARTICULAR
2022-02-26,13.0,Solo daños,Choque,,,151.0,C02,TRÁNSITO,AUTOMOVIL,PARTICULAR
2022-02-27,8.0,Solo daños,Choque,,,143.0,C29,TRÁNSITO,AUTOMOVIL,PARTICULAR
2022-02-28,25.0,Solo daños,Choque,,,155.0,C02,TRÁNSITO,AUTOMOVIL,PARTICULAR
2022-03-01,21.0,Solo daños,Choque,,,164.0,C02,TRÁNSITO,AUTOMOVIL,PARTICULAR
2022-03-02,21.0,Solo daños,Choque,,,162.0,C02,TRÁNSITO,AUTOMOVIL,PARTICULAR
2022-03-03,11.0,Solo daños,Choque,,,149.0,C02,TRÁNSITO,AUTOMOVIL,PARTICULAR
2022-03-04,19.0,Solo daños,Choque,,,170.0,C02,TRÁNSITO,AUTOMOVIL,PARTICULAR
2022-03-05,13.0,Solo daños,Choque,,,147.0,C02,TRÁNSITO,AUTOMOVIL,PARTICULAR
2022-03-06,15.0,Con heridos,Choque,,,137.0,C29,TRÁNSITO,AUTOMOVIL,PARTICULAR
2022-03-07,20.0,Solo daños,Choque,,,153.0,C02,TRÁNSITO,AUTOMOVIL,PARTICULAR
2022-03-08,23.0,Solo daños,Choque,,,148.0,C02,TRÁNSITO,AUTOMOVIL,PARTICULAR
2022-03-09,16.0,Solo daños,Choque,,,146.0,C02,TRÁNSITO,AUTOMOVIL,PARTICULAR
2022-03-10,9.0,Con heridos,Choque,,,114.0,C02,TRÁNSITO,AUTOMOVIL,PARTICULAR
2022-03-11,21.0,Solo daños,Choque,,,133.0,C02,TRÁNSITO,AUTOMOVIL,PARTICULAR
2022-03-12,20.0,Solo daños,Choque,,,187.0,C02,TRÁNSITO,AUTOMOVIL,PARTICULAR
2022-03-13,9.0,Solo daños,Choque,,,139.0,C29,TRÁNSITO,AUTOMOVIL,PARTICULAR
2022-03-14,14.0,Solo daños,Choque,,,167.0,C02,TRÁNSITO,AUTOMOVIL,PARTICULAR
2022-03-15,13.0,Solo daños,Choque,,,153.0,C02,TRÁNSITO,AUTOMOVIL,PARTICULAR
2022-03-16,20.0,Solo daños,Choque,,,154.0,C02,TRÁNSITO,AUTOMOVIL,PARTICULAR
2022-03-17,19.0,Solo daños,Choque,,,147.0,C02,TRÁNSITO,AUTOMOVIL,PARTICULAR
2022-03-18,13.0,Solo daños,Choque,,,122.0,C02,TRÁNSITO,AUTOMOVIL,PARTICULAR
2022-03-19,23.0,Solo daños,Choque,,,141.0,C29,TRÁNSITO,AUTOMOVIL,PARTICULAR
2022-03-20,8.0,Con heridos,Choque,,,165.0,C29,TRÁNSITO,AUTOMOVIL,PARTICULAR
2022-03-21,6.0,Con heridos,Choque,,,140.0,C29,TRÁNSITO,AUTOMOVIL,PARTICULAR
2022-03-22,24.0,Solo daños,Choque,,,150.0,C02,TRÁNSITO,AUTOMOVIL,PARTICULAR
2022-03-23,21.0,Solo daños,Choque,,,162.0,C02,TRÁNSITO,AUTOMOVIL,PARTICULAR
2022-03-24,13.0,Solo daños,Choque,,,203.0,C02,TRÁNSITO,AUTOMOVIL,PARTICULAR
2022-03-25,10.0,Solo daños,Choque,,,191.0,C29,TRÁNSITO,AUTOMOVIL,PARTICULAR
2022-03-26,13.0,Con heridos,Choque,,,201.0,C29,TRÁNSITO,AUTOMOVIL,PARTICULAR
2022-03-27,12.0,Con heridos,Choque,,,342.0,C29,TRÁNSITO,AUTOMOVIL,PARTICULAR
2022-03-28,11.0,Solo daños,Choque,,,264.0,C29,TRÁNSITO,AUTOMOVIL,PARTICULAR
2022-03-29,11.0,Con heridos,Choque,,,271.0,C29,TRÁNSITO,AUTOMOVIL,PARTICULAR
2022-03-30,18.0,Solo daños,Choque,,,195.0,C02,TRÁNSITO,AUTOMOVIL,PARTICULAR
2022-03-31,22.0,Solo daños,Choque,,,211.0,C02,TRÁNSITO,AUTOMOVIL,PARTICULAR
2022-04-01,6.0,Solo daños,Choque,,,146.0,C29,TRÁNSITO,AUTOMOVIL,PARTICULAR
2022-04-02,14.0,Solo daños,Choque,,,131.0,C29,TRÁNSITO,AUTOMOVIL,PARTICULAR
2022-04-03,3.0,Solo daños,Choque,,,255.0,C29,TRÁNSITO,AUTOMOVIL,PARTICULAR
2022-04-04,15.0,Solo daños,Choque,,,207.0,C02,TRÁNSITO,AUTOMOVIL,PARTICULAR
2022-04-05,15.0,Solo daños,Choque,,,148.0,C02,TRÁNSITO,AUTOMOVIL,PARTICULAR
2022-04-06,16.0,Con heridos,Choque,,,209.0,C02,TRÁNSITO,AUTOMOVIL,PARTICULAR
2022-04-07,15.0,Solo daños,Choque,,,245.0,C29,TRÁNSITO,AUTOMOVIL,PARTICULAR
2022-04-08,18.0,Solo daños,Choque,,,255.0,C02,TRÁNSITO,AUTOMOVIL,PARTICULAR
2022-04-09,26.0,Solo daños,Choque,,,213.0,C29,TRÁNSITO,AUTOMOVIL,PARTICULAR
2022-04-10,11.0,Solo daños,Choque,,,317.0,C29,TRÁNSITO,AUTOMOVIL,PARTICULAR
2022-04-11,16.0,Solo daños,Choque,,,265.0,C29,TRÁNSITO,AUTOMOVIL,PARTICULAR
2022-04-12,17.0,Solo daños,Choque,,,230.0,C02,TRÁNSITO,AUTOMOVIL,PARTICULAR
2022-04-13,11.0,Solo daños,Choque,,,220.0,C29,TRÁNSITO,AUTOMOVIL,PARTICULAR
2022-04-14,2.0,Con heridos,Choque,,,327.0,C29,TRÁNSITO,AUTOMOVIL,PARTICULAR
2022-04-15,4.0,Solo daños,Choque,,,427.0,C29,TRÁNSITO,AUTOMOVIL,PARTICULAR
2022-04-16,7.0,Solo daños,Choque,,,286.0,C29,TRÁNSITO,AUTOMOVIL,PARTICULAR
2022-04-17,5.0,Solo daños,Choque,,,365.0,C29,TRÁNSITO,AUTOMOVIL,PARTICULAR
2022-04-18,14.0,Solo daños,Choque,,,232.0,C02,TRÁNSITO,AUTOMOVIL,PARTICULAR
2022-04-19,8.0,Con heridos,Choque,,,230.0,C02,TRÁNSITO,AUTOMOVIL,PARTICULAR
2022-04-20,11.0,Solo daños,Choque,,,239.0,C02,TRÁNSITO,AUTOMOVIL,PARTICULAR
2022-04-21,11.0,Solo daños,Choque,,,141.0,C02,TRÁNSITO,AUTOMOVIL,PARTICULAR
2022-04-22,20.0,Solo daños,Choque,,,159.0,C02,TRÁNSITO,AUTOMOVIL,PARTICULAR
2022-04-23,15.0,Solo daños,Choque,,,206.0,C02,TRÁNSITO,AUTOMOVIL,PARTICULAR
2022-04-24,7.0,Solo daños,Choque,,,240.0,C29,TRÁNSITO,AUTOMOVIL,PARTICULAR
2022-04-25,17.0,Solo daños,Choque,,,195.0,C02,TRÁNSITO,AUTOMOVIL,PARTICULAR
2022-04-26,17.0,Solo daños,Choque,,,206.0,C02,TRÁNSITO,AUTOMOVIL,PARTICULAR
2022-04-27,15.0,Solo daños,Choque,,,198.0,C02,TRÁNSITO,AUTOMOVIL,PARTICULAR
2022-04-28,13.0,Solo daños,Choque,,,149.0,C02,TRÁNSITO,AUTOMOVIL,PARTICULAR
2022-04-29,13.0,Solo daños,Choque,,,214.0,C02,TRÁNSITO,AUTOMOVIL,PARTICULAR
2022-04-30,21.0,Solo daños,Choque,,,181.0,C02,TRÁNSITO,AUTOMOVIL,PARTICULAR
2022-05-01,14.0,Con heridos,Choque,,,242.0,C29,TRÁNSITO,AUTOMOVIL,PARTICULAR
2022-05-02,15.0,Solo daños,Choque,,,264.0,C02,TRÁNSITO,AUTOMOVIL,PARTICULAR
2022-05-03,15.0,Solo daños,Choque,,,222.0,C02,TRÁNSITO,AUTOMOVIL,PARTICULAR
2022-05-04,15.0,Solo daños,Choque,,,246.0,C02,TRÁNSITO,AUTOMOVIL,PARTICULAR
2022-05-05,21.0,Con heridos,Choque,,,244.0,C02,TRÁNSITO,AUTOMOVIL,PARTICULAR
2022-05-06,13.0,Solo daños,Choque,,,275.0,C02,TRÁNSITO,AUTOMOVIL,PARTICULAR
2022-05-07,16.0,Solo daños,Choque,,,191.0,C02,TRÁNSITO,AUTOMOVIL,PARTICULAR
2022-05-08,21.0,Solo daños,Choque,,,208.0,C29,TRÁNSITO,AUTOMOVIL,PARTICULAR
2022-05-09,14.0,Solo daños,Choque,,,262.0,C02,TRÁNSITO,AUTOMOVIL,PARTICULAR
2022-05-10,16.0,Solo daños,Choque,,,252.0,C02,TRÁNSITO,AUTOMOVIL,PARTICULAR
2022-05-11,5.0,Solo daños,Choque,,,254.0,C02,TRÁNSITO,AUTOMOVIL,PARTICULAR
2022-05-12,15.0,Con heridos,Choque,,,240.0,C02,TRÁNSITO,AUTOMOVIL,PARTICULAR
2022-05-13,12.0,Solo daños,Choque,,,296.0,C02,TRÁNSITO,AUTOMOVIL,PARTICULAR
2022-05-14,11.0,Solo daños,Choque,,,279.0,C02,TRÁNSITO,AUTOMOVIL,PARTICULAR
2022-05-15,6.0,Solo daños,Choque,,,258.0,C29,TRÁNSITO,AUTOMOVIL,PARTICULAR
2022-05-16,16.0,Solo daños,Choque,,,248.0,C02,TRÁNSITO,AUTOMOVIL,PARTICULAR
2022-05-17,16.0,Solo daños,Choque,,,247.0,C02,TRÁNSITO,AUTOMOVIL,PARTICULAR
2022-05-18,13.0,Solo daños,Choque,,,266.0,C02,TRÁNSITO,AUTOMOVIL,PARTICULAR
2022-05-19,12.0,Solo daños,Choque,,,244.0,C02,TRÁNSITO,AUTOMOVIL,PARTICULAR
2022-05-20,16.0,Solo daños,Choque,,,263.0,C02,TRÁNSITO,AUTOMOVIL,PARTICULAR
2022-05-21,21.0,Solo daños,Choque,,,242.0,C02,TRÁNSITO,AUTOMOVIL,PARTICULAR
2022-05-22,13.0,Solo daños,Choque,,,248.0,C29,TRÁNSITO,AUTOMOVIL,PARTICULAR
2022-05-23,14.0,Con heridos,Choque,,,223.0,C02,TRÁNSITO,AUTOMOVIL,PARTICULAR
2022-05-24,9.0,Con heridos,Choque,,,303.0,C02,TRÁNSITO,AUTOMOVIL,PARTICULAR
2022-05-25,7.0,Solo daños,Choque,,,253.0,C29,TRÁNSITO,AUTOMOVIL,PARTICULAR
2022-05-26,15.0,Con heridos,Choque,,,230.0,C02,TRÁNSITO,AUTOMOVIL,PARTICULAR
2022-05-27,20.0,Solo daños,Choque,,,246.0,C02,TRÁNSITO,AUTOMOVIL,PARTICULAR
2022-05-28,24.0,Solo daños,Choque,,,190.0,C29,TRÁNSITO,AUTOMOVIL,PARTICULAR
2022-05-29,8.0,Con heridos,Choque,,,260.0,C29,TRÁNSITO,AUTOMOVIL,PARTICULAR
2022-05-30,9.0,Con heridos,Choque,,,238.0,C29,TRÁNSITO,AUTOMOVIL,PARTICULAR
2022-05-31,11.0,Solo daños,Choque,,,302.0,C02,TRÁNSITO,AUTOMOVIL,PARTICULAR
2022-06-01,10.0,Solo daños,Choque,,,265.0,C02,TRÁNSITO,AUTOMOVIL,PARTICULAR
2022-06-02,10.0,Solo daños,Choque,,,231.0,C02,TRÁNSITO,AUTOMOVIL,PARTICULAR
2022-06-03,13.0,Solo daños,Choque,,,270.0,C02,TRÁNSITO,AUTOMOVIL,PARTICULAR
2022-06-04,21.0,Solo daños,Choque,,,256.0,C02,TRÁNSITO,AUTOMOVIL,PARTICULAR
2022-06-05,5.0,Solo daños,Choque,,,269.0,C29,TRÁNSITO,AUTOMOVIL,PARTICULAR
2022-06-06,19.0,Solo daños,Choque,,,319.0,C02,TRÁNSITO,AUTOMOVIL,PARTICULAR
2022-06-07,15.0,Solo daños,Choque,,,351.0,C02,TRÁNSITO,AUTOMOVIL,PARTICULAR
2022-06-08,20.0,Solo daños,Choque,,,301.0,C02,TRÁNSITO,AUTOMOVIL,PARTICULAR
2022-06-09,13.0,Solo daños,Choque,,,349.0,C02,TRÁNSITO,AUTOMOVIL,PARTICULAR
2022-06-10,9.0,Solo daños,Choque,,,338.0,C02,TRÁNSITO,AUTOMOVIL,PARTICULAR
2022-06-11,7.0,Solo daños,Choque,,,224.0,C02,TRÁNSITO,AUTOMOVIL,PARTICULAR
2022-06-12,11.0,Solo daños,Choque,,,245.0,C29,TRÁNSITO,AUTOMOVIL,PARTICULAR
2022-06-13,17.0,Con heridos,Choque,,,317.0,C02,TRÁNSITO,AUTOMOVIL,PARTICULAR
2022-06-14,12.0,Con heridos,Choque,,,319.0,C02,TRÁNSITO,AUTOMOVIL,PARTICULAR
2022-06-15,14.0,Solo daños,Choque,,,255.0,C02,TRÁNSITO,AUTOMOVIL,PARTICULAR
2022-06-16,18.0,Solo daños,Choque,,,260.0,C02,TRÁNSITO,AUTOMOVIL,PARTICULAR
2022-06-17,14.0,Solo daños,Choque,,,281.0,C02,TRÁNSITO,AUTOMOVIL,PARTICULAR
2022-06-18,14.0,Solo daños,Choque,,,248.0,C29,TRÁNSITO,AUTOMOVIL,PARTICULAR
2022-06-19,12.0,Solo daños,Choque,,,335.0,C29,TRÁNSITO,AUTOMOVIL,PARTICULAR
2022-06-20,8.0,Solo daños,Choque,,,233.0,C29,TRÁNSITO,AUTOMOVIL,PARTICULAR
2022-06-21,15.0,Solo daños,Choque,,,312.0,C02,TRÁNSITO,AUTOMOVIL,PARTICULAR
2022-06-22,12.0,Solo daños,Choque,,,332.0,C02,TRÁNSITO,AUTOMOVIL,PARTICULAR
2022-06-23,19.0,Solo daños,Choque,,,335.0,C02,TRÁNSITO,AUTOMOVIL,PARTICULAR
2022-06-24,19.0,Solo daños,Choque,,,325.0,C02,TRÁNSITO,AUTOMOVIL,PARTICULAR
2022-06-25,14.0,Con heridos,Choque,,,267.0,C02,TRÁNSITO,AUTOMOVIL,PARTICULAR
2022-06-26,13.0,Solo daños,Choque,,,195.0,C29,TRÁNSITO,AUTOMOVIL,PARTICULAR
2022-06-27,4.0,Con heridos,Choque,,,181.0,C29,TRÁNSITO,AUTOMOVIL,PARTICULAR
2022-06-28,19.0,Solo daños,Choque,,,326.0,C02,TRÁNSITO,AUTOMOVIL,PARTICULAR
2022-06-29,21.0,Solo daños,Choque,,,240.0,C02,TRÁNSITO,AUTOMOVIL,PARTICULAR
2022-06-30,17.0,Solo daños,Choque,,,238.0,C02,TRÁNSITO,AUTOMOVIL,PARTICULAR
2022-07-01,12.0,Solo daños,Choque,,,345.0,C02,TRÁNSITO,AUTOMOVIL,PARTICULAR
2022-07-02,7.0,Solo daños,Choque,,,244.0,C02,TRÁNSITO,AUTOMOVIL,PARTICULAR
2022-07-03,8.0,Con heridos,Choque,,,203.0,C29,TRÁNSITO,AUTOMOVIL,PARTICULAR
2022-07-04,5.0,Solo daños,Choque,,,160.0,C29,TRÁNSITO,AUTOMOVIL,PARTICULAR
2022-07-05,8.0,Solo daños,Choque,,,347.0,C02,TRÁNSITO,AUTOMOVIL,PARTICULAR
2022-07-06,15.0,Solo daños,Choque,,,290.0,C02,TRÁNSITO,AUTOMOVIL,PARTICULAR
2022-07-07,15.0,Solo daños,Choque,,,334.0,C02,TRÁNSITO,AUTOMOVIL,PARTICULAR
2022-07-08,14.0,Solo daños,Choque,,,285.0,C02,TRÁNSITO,AUTOMOVIL,PARTICULAR
2022-07-09,16.0,Solo daños,Choque,,,242.0,C02,TRÁNSITO,AUTOMOVIL,PARTICULAR
2022-07-10,10.0,Solo daños,Choque,,,193.0,C29,TRÁNSITO,AUTOMOVIL,PARTICULAR
2022-07-11,12.0,Solo daños,Choque,,,243.0,C02,TRÁNSITO,AUTOMOVIL,PARTICULAR
2022-07-12,18.0,Solo daños,Choque,,,276.0,C02,TRÁNSITO,AUTOMOVIL,PARTICULAR
2022-07-13,11.0,Con heridos,Choque,,,232.0,C02,TRÁNSITO,AUTOMOVIL,PARTICULAR
2022-07-14,17.0,Solo daños,Choque,,,236.0,C02,TRÁNSITO,AUTOMOVIL,PARTICULAR
2022-07-15,19.0,Solo daños,Choque,,,301.0,C02,TRÁNSITO,AUTOMOVIL,PARTICULAR
2022-07-16,15.0,Solo daños,Choque,,,210.0,C29,TRÁNSITO,AUTOMOVIL,PARTICULAR
2022-07-17,13.0,Solo daños,Choque,,,202.0,C29,TRÁNSITO,AUTOMOVIL,PARTICULAR
2022-07-18,13.0,Solo daños,Choque,,,234.0,C02,TRÁNSITO,AUTOMOVIL,PARTICULAR
2022-07-19,13.0,Con heridos,Choque,,,259.0,C02,TRÁNSITO,AUTOMOVIL,PARTICULAR
2022-07-20,5.0,Con heridos,Choque,,,151.0,C29,TRÁNSITO,AUTOMOVIL,PARTICULAR
2022-07-21,3.0,Con heridos,Choque,,,272.0,C02,TRÁNSITO,AUTOMOVIL,PARTICULAR
2022-07-22,10.0,Con heridos,Choque,,,237.0,C02,TRÁNSITO,AUTOMOVIL,PARTICULAR
2022-07-23,7.0,Con heridos,Choque,,,240.0,C02,TRÁNSITO,AUTOMOVIL,PARTICULAR
2022-07-24,6.0,Con heridos,Choque,,,202.0,C29,TRÁNSITO,AUTOMOVIL,PARTICULAR
2022-07-25,4.0,Con heridos,Choque,,,256.0,C02,TRÁNSITO,AUTOMOVIL,PARTICULAR
2022-07-26,5.0,Con heridos,Choque,,,296.0,C02,TRÁNSITO,AUTOMOVIL,PARTICULAR
2022-07-27,5.0,Con heridos,Choque,,,223.0,C02,TRÁNSITO,AUTOMOVIL,PARTICULAR
2022-07-28,3.0,Con heridos,Choque,,,256.0,C02,TRÁNSITO,AUTOMOVIL,PARTICULAR
2022-07-29,12.0,Con heridos,Choque,,,242.0,C02,TRÁNSITO,AUTOMOVIL,PARTICULAR
2022-07-30,9.0,Con heridos,Choque,,,215.0,C29,TRÁNSITO,AUTOMOVIL,PARTICULAR
2022-07-31,5.0,Con heridos,Choque,,,233.0,C29,TRÁNSITO,AUTOMOVIL,PARTICULAR
2022-08-01,5.0,Con heridos,Choque,,,234.0,C29,TRÁNSITO,AUTOMOVIL,PARTICULAR
2022-08-02,6.0,Con heridos,Choque,,,194.0,C02,TRÁNSITO,AUTOMOVIL,PARTICULAR
2022-08-03,3.0,Con heridos,Choque,,,211.0,C02,TRÁNSITO,AUTOMOVIL,PARTICULAR
2022-08-04,1.0,Con heridos,Choque,,,281.0,C02,TRÁNSITO,AUTOMOVIL,PARTICULAR
2022-08-05,1.0,Con heridos,Choque,,,215.0,C02,TRÁNSITO,AUTOMOVIL,PARTICULAR
2022-08-06,6.0,Con heridos,Choque,,,239.0,C02,TRÁNSITO,AUTOMOVIL,PARTICULAR
2022-08-07,11.0,Con heridos,Choque,,,147.0,C29,TRÁNSITO,AUTOMOVIL,PARTICULAR
2022-08-08,9.0,Con heridos,Choque,,,202.0,C02,TRÁNSITO,AUTOMOVIL,PARTICULAR
2022-08-09,5.0,Con heridos,Choque,,,181.0,C02,TRÁNSITO,AUTOMOVIL,PARTICULAR
2022-08-10,6.0,Con heridos,Choque,,,192.0,C02,TRÁNSITO,AUTOMOVIL,PARTICULAR
2022-08-11,2.0,Con heridos,Choque,,,173.0,C02,TRÁNSITO,AUTOMOVIL,PARTICULAR
2022-08-12,5.0,Con heridos,Choque,,,226.0,C02,TRÁNSITO,AUTOMOVIL,PARTICULAR
2022-08-13,5.0,Con heridos,Choque,,,146.0,C02,TRÁNSITO,AUTOMOVIL,PARTICULAR
2022-08-14,7.0,Con heridos,Choque,,,138.0,C29,TRÁNSITO,AUTOMOVIL,PARTICULAR
2022-08-15,7.0,Con heridos,Choque,,,108.0,C29,TRÁNSITO,AUTOMOVIL,PARTICULAR
2022-08-16,5.0,Con heridos,Choque,,,249.0,C02,TRÁNSITO,AUTOMOVIL,PARTICULAR
2022-08-17,8.0,Con heridos,Choque,,,226.0,C02,TRÁNSITO,AUTOMOVIL,PARTICULAR
2022-08-18,10.0,Con heridos,Choque,,,237.0,C02,TRÁNSITO,AUTOMOVIL,PARTICULAR
2022-08-19,5.0,Con heridos,Choque,,,221.0,C02,TRÁNSITO,AUTOMOVIL,PARTICULAR
2022-08-20,3.0,Con heridos,Choque,,,205.0,C02,TRÁNSITO,AUTOMOVIL,PARTICULAR
2022-08-21,3.0,Con heridos,Choque,,,141.0,C29,TRÁNSITO,AUTOMOVIL,PARTICULAR
2022-08-22,4.0,Con heridos,Choque,,,193.0,C02,TRÁNSITO,AUTOMOVIL,PARTICULAR
2022-08-23,6.0,Con heridos,Choque,,,177.0,C02,TRÁNSITO,AUTOMOVIL,PARTICULAR
2022-08-24,2.0,Con heridos,Choque,,,207.0,C02,TRÁNSITO,AUTOMOVIL,PARTICULAR
2022-08-25,6.0,Con heridos,Choque,,,199.0,C02,TRÁNSITO,AUTOMOVIL,PARTICULAR
2022-08-26,7.0,Con heridos,Choque,,,205.0,C02,TRÁNSITO,AUTOMOVIL,PARTICULAR
2022-08-27,5.0,Con heridos,Choque,,,194.0,C02,TRÁNSITO,AUTOMOVIL,PARTICULAR
2022-08-28,4.0,Con heridos,Choque,,,162.0,C29,TRÁNSITO,AUTOMOVIL,PARTICULAR
2022-08-29,5.0,Con heridos,Choque,,,197.0,C02,TRÁNSITO,AUTOMOVIL,PARTICULAR
2022-08-30,7.0,Con heridos,Choque,,,206.0,C02,TRÁNSITO,AUTOMOVIL,PARTICULAR
2022-08-31,4.0,Con heridos,Choque,,,222.0,C02,TRÁNSITO,AUTOMOVIL,PARTICULAR
2022-09-01,6.0,Con heridos,Choque,,,188.0,C29,TRÁNSITO,AUTOMOVIL,PARTICULAR
2022-09-02,4.0,Con heridos,Choque,,,209.0,C02,TRÁNSITO,AUTOMOVIL,PARTICULAR
2022-09-03,6.0,Con heridos,Choque,,,168.0,C02,TRÁNSITO,AUTOMOVIL,PARTICULAR
2022-09-04,3.0,Con heridos,Atropello,,,202.0,C29,TRÁNSITO,AUTOMOVIL,PARTICULAR
2022-09-05,3.0,Con heridos,Choque,,,194.0,C29,TRÁNSITO,AUTOMOVIL,PARTICULAR
2022-09-06,8.0,Con heridos,Choque,,,171.0,C02,TRÁNSITO,AUTOMOVIL,PARTICULAR
2022-09-07,2.0,Con heridos,Choque,,,197.0,C02,TRÁNSITO,AUTOMOVIL,PARTICULAR
2022-09-08,4.0,Con heridos,Choque,,,213.0,C02,TRÁNSITO,AUTOMOVIL,PARTICULAR
2022-09-09,5.0,Con heridos,Choque,,,234.0,C02,TRÁNSITO,AUTOMOVIL,PARTICULAR
2022-09-10,6.0,Con heridos,Choque,,,206.0,C29,TRÁNSITO,AUTOMOVIL,PARTICULAR
2022-09-11,3.0,Con heridos,Choque,,,182.0,C29,TRÁNSITO,AUTOMOVIL,PARTICULAR
2022-09-12,2.0,Con heridos,Choque,,,226.0,C02,TRÁNSITO,AUTOMOVIL,PARTICULAR
2022-09-13,4.0,Con heridos,Choque,,,180.0,C02,TRÁNSITO,AUTOMOVIL,PARTICULAR
2022-09-14,7.0,Con heridos,Choque,,,201.0,C29,TRÁNSITO,AUTOMOVIL,PARTICULAR
2022-09-15,10.0,Con heridos,Choque,,,221.0,C02,TRÁNSITO,AUTOMOVIL,PARTICULAR
2022-09-16,4.0,Con heridos,Choque,,,230.0,C29,TRÁNSITO,AUTOMOVIL,PARTICULAR
2022-09-17,5.0,Con heridos,Choque,,,245.0,C29,TRÁNSITO,AUTOMOVIL,PARTICULAR
2022-09-18,4.0,Con heridos,Choque,,,230.0,C29,TRÁNSITO,AUTOMOVIL,PARTICULAR
2022-09-19,5.0,Con heridos,Choque,,,238.0,C29,TRÁNSITO,AUTOMOVIL,PARTICULAR
2022-09-20,1.0,Con heridos,Atropello,,,276.0,C29,TRÁNSITO,AUTOMOVIL,PARTICULAR
2022-09-21,5.0,Con heridos,Choque,,,266.0,C02,TRÁNSITO,AUTOMOVIL,PARTICULAR
2022-09-22,5.0,Con heridos,Atropello,,,272.0,C02,TRÁNSITO,AUTOMOVIL,PARTICULAR
2022-09-23,2.0,Con heridos,Choque,,,283.0,C02,TRÁNSITO,AUTOMOVIL,PARTICULAR
2022-09-24,4.0,Con heridos,Choque,,,246.0,C29,TRÁNSITO,AUTOMOVIL,PARTICULAR
2022-09-25,5.0,Con heridos,Choque,,,188.0,C29,TRÁNSITO,AUTOMOVIL,PARTICULAR
2022-09-26,11.0,Con heridos,Choque,,,252.0,C29,TRÁNSITO,AUTOMOVIL,PARTICULAR
2022-09-27,4.0,Con heridos,Choque,,,260.0,C02,TRÁNSITO,AUTOMOVIL,PARTICULAR
2022-09-28,5.0,Con heridos,Choque,,,258.0,C02,TRÁNSITO,AUTOMOVIL,PARTICULAR
2022-09-29,5.0,Con heridos,Choque,,,256.0,C02,TRÁNSITO,AUTOMOVIL,PARTICULAR
2022-09-30,3.0,Con heridos,Choque,,,278.0,C02,TRÁNSITO,AUTOMOVIL,PARTICULAR
2022-10-01,12.0,Con heridos,Choque,,,256.0,C29,TRÁNSITO,AUTOMOVIL,PARTICULAR
2022-10-02,8.0,Con heridos,Choque,,,195.0,C29,TRÁNSITO,AUTOMOVIL,PARTICULAR
2022-10-03,4.0,Con heridos,Choque,,,272.0,C02,TRÁNSITO,AUTOMOVIL,PARTICULAR
2022-10-04,10.0,Con heridos,Choque,,,256.0,C02,TRÁNSITO,AUTOMOVIL,PARTICULAR
2022-10-05,7.0,Con heridos,Choque,,,265.0,C02,TRÁNSITO,AUTOMOVIL,PARTICULAR
2022-10-06,3.0,Con heridos,Choque,,,285.0,C02,TRÁNSITO,AUTOMOVIL,PARTICULAR
2022-10-07,4.0,Con heridos,Choque,,,192.0,C02,TRÁNSITO,AUTOMOVIL,PARTICULAR
2022-10-08,5.0,Con heridos,Choque,,,175.0,C02,TRÁNSITO,AUTOMOVIL,PARTICULAR
2022-10-09,5.0,Con heridos,Choque,,,113.0,C29,TRÁNSITO,AUTOMOVIL,PARTICULAR
2022-10-10,10.0,Con heridos,Choque,,,183.0,C02,TRÁNSITO,AUTOMOVIL,PARTICULAR
2022-10-11,6.0,Con heridos,Choque,,,195.0,C02,TRÁNSITO,AUTOMOVIL,PARTICULAR
2022-10-12,5.0,Con heridos,Choque,,,180.0,C02,TRÁNSITO,AUTOMOVIL,PARTICULAR
2022-10-13,3.0,Con heridos,Choque,,,210.0,C02,TRÁNSITO,AUTOMOVIL,PARTICULAR
2022-10-14,7.0,Con heridos,Choque,,,225.0,C02,TRÁNSITO,AUTOMOVIL,PARTICULAR
2022-10-15,5.0,Con heridos,Choque,,,173.0,C29,TRÁNSITO,AUTOMOVIL,PARTICULAR
2022-10-16,2.0,Con heridos,Choque,,,190.0,C29,TRÁNSITO,AUTOMOVIL,PARTICULAR
2022-10-17,9.0,Con heridos,Choque,,,188.0,C29,TRÁNSITO,AUTOMOVIL,PARTICULAR
2022-10-18,4.0,Con heridos,Choque,,,227.0,C29,TRÁNSITO,AUTOMOVIL,PARTICULAR
2022-10-19,4.0,Con heridos,Choque,,,243.0,C02,TRÁNSITO,AUTOMOVIL,PARTICULAR
2022-10-20,3.0,Con heridos,Choque,,,289.0,C02,TRÁNSITO,AUTOMOVIL,PARTICULAR
2022-10-21,3.0,Con heridos,Choque,,,286.0,C02,TRÁNSITO,AUTOMOVIL,PARTICULAR
2022-10-22,8.0,Con heridos,Choque,,,204.0,C02,TRÁNSITO,AUTOMOVIL,PARTICULAR
2022-10-23,1.0,Con heridos,Choque,,,174.0,C29,TRÁNSITO,AUTOMOVIL,PARTICULAR
2022-10-24,5.0,Con heridos,Choque,,,225.0,C02,TRÁNSITO,AUTOMOVIL,PARTICULAR
2022-10-25,4.0,Con heridos,Choque,,,255.0,C02,TRÁNSITO,AUTOMOVIL,PARTICULAR
2022-10-26,9.0,Con heridos,Choque,,,278.0,C02,TRÁNSITO,AUTOMOVIL,PARTICULAR
2022-10-27,10.0,Con heridos,Choque,,,256.0,C02,TRÁNSITO,AUTOMOVIL,PARTICULAR
2022-10-28,5.0,Con heridos,Choque,,,288.0,C02,TRÁNSITO,AUTOMOVIL,PARTICULAR
2022-10-29,8.0,Con heridos,Choque,,,252.0,C02,TRÁNSITO,AUTOMOVIL,PARTICULAR
2022-10-30,5.0,Con heridos,Choque,,,160.0,C29,TRÁNSITO,AUTOMOVIL,PARTICULAR
2022-10-31,6.0,Con heridos,Atropello,,,241.0,C02,TRÁNSITO,AUTOMOVIL,PARTICULAR
2022-11-01,6.0,Con heridos,Choque,,,211.0,C02,TRÁNSITO,AUTOMOVIL,PARTICULAR
2022-11-02,5.0,Con heridos,Choque,,,286.0,C02,TRÁNSITO,AUTOMOVIL,PARTICULAR
2022-11-03,2.0,Con heridos,Choque,,,229.0,C02,TRÁNSITO,AUTOMOVIL,PARTICULAR
2022-11-04,5.0,Con heridos,Choque,,,332.0,C02,TRÁNSITO,AUTOMOVIL,PARTICULAR
2022-11-05,3.0,Con heridos,Choque,,,151.0,C29,TRÁNSITO,AUTOMOVIL,PARTICULAR
2022-11-07,5.0,Con heridos,Choque,,,125.0,C29,TRÁNSITO,AUTOMOVIL,PARTICULAR
2022-11-08,2.0,Con heridos,Choque,,,268.0,C02,TRÁNSITO,AUTOMOVIL,PARTICULAR
2022-11-09,8.0,Con heridos,Choque,,,251.0,C02,TRÁNSITO,AUTOMOVIL,PARTICULAR
2022-11-10,7.0,Con heridos,Choque,,,257.0,C02,TRÁNSITO,AUTOMOVIL,PARTICULAR
2022-11-11,5.0,Con heridos,Atropello,,,203.0,C02,TRÁNSITO,AUTOMOVIL,PARTICULAR
2022-11-12,6.0,Con heridos,Choque,,,204.0,C02,TRÁNSITO,AUTOMOVIL,PARTICULAR
2022-11-13,4.0,Con heridos,Choque,,,178.0,C29,TRÁNSITO,AUTOMOVIL,PARTICULAR
2022-11-14,8.0,Con heridos,Choque,,,198.0,C29,TRÁNSITO,AUTOMOVIL,PARTICULAR
2022-11-15,7.0,Con heridos,Choque,,,229.0,C02,TRÁNSITO,AUTOMOVIL,PARTICULAR
2022-11-16,11.0,Con heridos,Choque,,,267.0,C02,TRÁNSITO,AUTOMOVIL,PARTICULAR
2022-11-17,7.0,Con heridos,Choque,,,207.0,C02,TRÁNSITO,AUTOMOVIL,PARTICULAR
2022-11-18,3.0,Con heridos,Choque,,,246.0,C02,TRÁNSITO,AUTOMOVIL,PARTICULAR
2022-11-19,7.0,Con heridos,Choque,,,292.0,C02,TRÁNSITO,AUTOMOVIL,PARTICULAR
2022-11-20,3.0,Con heridos,Choque,,,229.0,C29,TRÁNSITO,AUTOMOVIL,PARTICULAR
2022-11-21,4.0,Con heridos,Choque,,,326.0,C02,TRÁNSITO,AUTOMOVIL,PARTICULAR
2022-11-22,3.0,Con heridos,Choque,,,237.0,C02,TRÁNSITO,AUTOMOVIL,PARTICULAR
2022-11-23,8.0,Con heridos,Choque,,,267.0,C02,TRÁNSITO,AUTOMOVIL,PARTICULAR
2022-11-24,3.0,Con heridos,Choque,,,316.0,C02,TRÁNSITO,AUTOMOVIL,PARTICULAR
2022-11-25,3.0,Con heridos,Choque,,,385.0,C02,TRÁNSITO,AUTOMOVIL,PARTICULAR
2022-11-26,6.0,Con heridos,Choque,,,249.0,C02,TRÁNSITO,AUTOMOVIL,PARTICULAR
2022-11-27,3.0,Con heridos,Choque,,,289.0,C29,TRÁNSITO,AUTOMOVIL,PARTICULAR
2022-11-28,6.0,Con heridos,Choque,,,352.0,C02,TRÁNSITO,AUTOMOVIL,PARTICULAR
2022-11-29,3.0,Con heridos,Choque,,,345.0,C02,TRÁNSITO,AUTOMOVIL,PARTICULAR
2022-11-30,1.0,Con heridos,Choque,,,313.0,C02,TRÁNSITO,AUTOMOVIL,PARTICULAR
2022-12-01,12.0,Con heridos,Choque,,,393.0,C02,TRÁNSITO,AUTOMOVIL,PARTICULAR
2022-12-02,6.0,Con heridos,Choque,,,317.0,C02,TRÁNSITO,AUTOMOVIL,PARTICULAR
2022-12-03,2.0,Con heridos,Choque,,,259.0,C29,TRÁNSITO,AUTOMOVIL,PARTICULAR
2022-12-04,7.0,Con heridos,Choque,,,293.0,C29,TRÁNSITO,AUTOMOVIL,PARTICULAR
2022-12-05,3.0,Con heridos,Atropello,,,293.0,C02,TRÁNSITO,AUTOMOVIL,PARTICULAR
2022-12-06,11.0,Con heridos,Choque,,,290.0,C02,TRÁNSITO,AUTOMOVIL,PARTICULAR
2022-12-07,4.0,Con heridos,Caida Ocupante,,,256.0,C29,TRÁNSITO,AUTOMOVIL,PARTICULAR
2022-12-08,9.0,Con heridos,Choque,,,374.0,C29,TRÁNSITO,AUTOMOVIL,PARTICULAR
2022-12-09,9.0,Con heridos,Choque,,,336.0,C02,TRÁNSITO,AUTOMOVIL,PARTICULAR
2022-12-10,4.0,Con heridos,Choque,,,270.0,C29,TRÁNSITO,AUTOMOVIL,PARTICULAR
2022-12-11,6.0,Con heridos,Atropello,,,270.0,C29,TRÁNSITO,AUTOMOVIL,PARTICULAR
2022-12-12,5.0,Con heridos,Choque,,,334.0,C02,TRÁNSITO,AUTOMOVIL,PARTICULAR
2022-12-13,2.0,Con heridos,Choque,,,308.0,C02,TRÁNSITO,AUTOMOVIL,PARTICULAR
2022-12-14,6.0,Con heridos,Choque,,,336.0,C02,TRÁNSITO,AUTOMOVIL,PARTICULAR
2022-12-15,6.0,Con heridos,Choque,,,282.0,C02,TRÁNSITO,AUTOMOVIL,PARTICULAR
2022-12-16,6.0,Con heridos,Choque,,,293.0,C02,TRÁNSITO,AUTOMOVIL,PARTICULAR
2022-12-17,9.0,Con heridos,Choque,,,276.0,C29,TRÁNSITO,AUTOMOVIL,PARTICULAR
2022-12-18,4.0,Con heridos,Choque,,,279.0,C29,TRÁNSITO,AUTOMOVIL,PARTICULAR
2022-12-19,7.0,Con heridos,Choque,,,304.0,C29,TRÁNSITO,AUTOMOVIL,PARTICULAR
2022-12-20,4.0,Con heridos,Choque,,,256.0,C29,TRÁNSITO,AUTOMOVIL,PARTICULAR
2022-12-21,2.0,Con heridos,Choque,,,363.0,C29,TRÁNSITO,AUTOMOVIL,PARTICULAR
2022-12-22,5.0,Con heridos,Choque,,,300.0,C29,TRÁNSITO,AUTOMOVIL,PARTICULAR
2022-12-23,4.0,Con heridos,Choque,,,309.0,C29,TRÁNSITO,AUTOMOVIL,PARTICULAR
2022-12-24,10.0,Con heridos,Choque,,,249.0,C29,TRÁNSITO,AUTOMOVIL,PARTICULAR
2022-12-25,4.0,Con heridos,Atropello,,,366.0,C29,TRÁNSITO,AUTOMOVIL,PARTICULAR
2022-12-26,4.0,Con heridos,Choque,,,239.0,C29,TRÁNSITO,AUTOMOVIL,PARTICULAR
2022-12-27,2.0,Con heridos,Choque,,,238.0,C29,TRÁNSITO,AUTOMOVIL,PARTICULAR
2022-12-28,5.0,Con heridos,Choque,,,98.0,C02,TRÁNSITO,AUTOMOVIL,PARTICULAR
2022-12-29,5.0,Con heridos,Choque,,,119.0,C02,TRÁNSITO,AUTOMOVIL,PARTICULAR
2022-12-30,4.0,Con heridos,Atropello,,,113.0,C02,TRÁNSITO,AUTOMOVIL,PARTICULAR
2022-12-31,2.0,Con heridos,Caida Ocupante,,,29.0,C02,TRÁNSITO,AUTOMOVIL,PARTICULAR
2023-01-01,2.0,Con heridos,Choque,,,,,,,
2023-01-02,5.0,Con heridos,Choque,,,,,,,
2023-01-03,2.0,Con heridos,Choque,,,,,,,
2023-01-04,6.0,Con heridos,Choque,,,,,,,
2023-01-05,1.0,Con heridos,Choque,,,,,,,
2023-01-06,3.0,Con heridos,Choque,,,,,,,
2023-01-07,3.0,Con heridos,Choque,,,,,,,
2023-01-08,3.0,Con heridos,Choque,,,,,,,
2023-01-09,4.0,Con heridos,Atropello,,,,,,,
2023-01-10,6.0,Con heridos,Choque,,,,,,,
2023-01-11,5.0,Con heridos,Choque,,,,,,,
2023-01-12,5.0,Con heridos,Choque,,,,,,,
2023-01-13,2.0,Con heridos,Choque,,,,,,,
2023-01-14,2.0,Con heridos,Choque,,,,,,,
2023-01-15,5.0,Con heridos,Choque,,,,,,,
2023-01-16,4.0,Con heridos,Choque,,,,,,,
2023-01-17,3.0,Con heridos,Choque,,,,,,,
2023-01-18,5.0,Con heridos,Choque,,,,,,,
2023-01-19,6.0,Con heridos,Choque,,,159.0,C29,TRÁNSITO,AUTOMOVIL,PARTICULAR
2023-01-20,5.0,Con heridos,Choque,,,185.0,C29,TRÁNSITO,AUTOMOVIL,PARTICULAR
2023-01-21,6.0,Con heridos,Choque,,,153.0,C29,TRÁNSITO,AUTOMOVIL,PARTICULAR
2023-01-22,3.0,Con heridos,Atropello,,,218.0,C29,TRÁNSITO,AUTOMOVIL,PARTICULAR
2023-01-23,4.0,Con heridos,Choque,,,130.0,C29,TRÁNSITO,AUTOMOVIL,PARTICULAR
2023-01-24,6.0,Con heridos,Choque,,,122.0,C29,TRÁNSITO,AUTOMOVIL,PARTICULAR
2023-01-25,4.0,Con heridos,Choque,,,151.0,C29,TRÁNSITO,AUTOMOVIL,PARTICULAR
2023-01-26,2.0,Con heridos,Choque,,,135.0,C29,TRÁNSITO,AUTOMOVIL,PARTICULAR
2023-01-27,2.0,Con heridos,Choque,,,181.0,C29,TRÁNSITO,AUTOMOVIL,PARTICULAR
2023-01-28,4.0,Con heridos,Choque,,,150.0,C29,TRÁNSITO,AUTOMOVIL,PARTICULAR
2023-01-29,3.0,Con heridos,Choque,,,220.0,C29,TRÁNSITO,AUTOMOVIL,PARTICULAR
2023-01-30,6.0,Con heridos,Choque,,,155.0,C29,TRÁNSITO,AUTOMOVIL,PARTICULAR
2023-01-31,7.0,Con heridos,Choque,,,147.0,C29,TRÁNSITO,AUTOMOVIL,PARTICULAR
2023-02-01,7.0,Con heridos,Choque,,,124.0,C29,TRÁNSITO,AUTOMOVIL,PARTICULAR
2023-02-02,5.0,Con heridos,Choque,,,160.0,C29,TRÁNSITO,AUTOMOVIL,PARTICULAR
2023-02-03,6.0,Con heridos,Choque,,,185.0,C29,TRÁNSITO,AUTOMOVIL,PARTICULAR
2023-02-04,5.0,Con heridos,Choque,,,146.0,C29,TRÁNSITO,AUTOMOVIL,PARTICULAR
2023-02-05,4.0,Con heridos,Choque,,,197.0,C29,TRÁNSITO,AUTOMOVIL,PARTICULAR
2023-02-06,10.0,Con heridos,Choque,,,172.0,C29,TRÁNSITO,AUTOMOVIL,PARTICULAR
2023-02-07,2.0,Con heridos,Atropello,,,174.0,C29,TRÁNSITO,AUTOMOVIL,PARTICULAR
2023-02-08,7.0,Con heridos,Choque,,,145.0,C29,TRÁNSITO,AUTOMOVIL,PARTICULAR
2023-02-09,5.0,Con heridos,Choque,,,189.0,C29,TRÁNSITO,AUTOMOVIL,PARTICULAR
2023-02-10,8.0,Con heridos,Choque,,,229.0,C29,TRÁNSITO,AUTOMOVIL,PARTICULAR
2023-02-11,5.0,Con heridos,Choque,,,165.0,C29,TRÁNSITO,AUTOMOVIL,PARTICULAR
2023-02-12,3.0,Con heridos,Choque,,,196.0,C29,TRÁNSITO,AUTOMOVIL,PARTICULAR
2023-02-13,6.0,Con heridos,Choque,,,243.0,C02,TRÁNSITO,AUTOMOVIL,PARTICULAR
2023-02-14,8.0,Con heridos,Choque,,,250.0,C02,TRÁNSITO,AUTOMOVIL,PARTICULAR
2023-02-15,8.0,Con heridos,Choque,,,276.0,C02,TRÁNSITO,AUTOMOVIL,PARTICULAR
2023-02-16,6.0,Con heridos,Choque,,,266.0,C02,TRÁNSITO,AUTOMOVIL,PARTICULAR
2023-02-17,7.0,Con heridos,Choque,,,200.0,C02,TRÁNSITO,AUTOMOVIL,PARTICULAR
2023-02-18,6.0,Con heridos,Choque,,,222.0,C29,TRÁNSITO,AUTOMOVIL,PARTICULAR
2023-02-19,9.0,Con heridos,Choque,,,234.0,C29,TRÁNSITO,AUTOMOVIL,PARTICULAR
2023-02-20,9.0,Con heridos,Choque,,,239.0,C29,TRÁNSITO,AUTOMOVIL,PARTICULAR
2023-02-21,3.0,Con heridos,Choque,,,223.0,C29,TRÁNSITO,AUTOMOVIL,PARTICULAR
2023-02-22,6.0,Con heridos,Choque,,,214.0,C02,TRÁNSITO,AUTOMOVIL,PARTICULAR
2023-02-23,3.0,Con heridos,Choque,,,199.0,C02,TRÁNSITO,AUTOMOVIL,PARTICULAR
2023-02-24,3.0,Con heridos,Choque,,,191.0,C02,TRÁNSITO,AUTOMOVIL,PARTICULAR
2023-02-25,1.0,Con muertos,Choque,,,184.0,C02,TRÁNSITO,AUTOMOVIL,PARTICULAR
2023-02-26,3.0,Con heridos,Choque,,,184.0,C29,TRÁNSITO,AUTOMOVIL,PARTICULAR
2023-02-27,9.0,Con heridos,Choque,,,255.0,C02,TRÁNSITO,AUTOMOVIL,PARTICULAR
2023-02-28,4.0,Con heridos,Choque,,,241.0,C02,TRÁNSITO,AUTOMOVIL,PARTICULAR
2023-03-01,6.0,Con heridos,Choque,,,231.0,C02,TRÁNSITO,AUTOMOVIL,PARTICULAR
2023-03-02,1.0,Con heridos,Choque,,,279.0,C02,TRÁNSITO,AUTOMOVIL,PARTICULAR
2023-03-03,6.0,Con heridos,Choque,,,251.0,C02,TRÁNSITO,AUTOMOVIL,PARTICULAR
2023-03-04,6.0,Con heridos,Choque,,,276.0,C02,TRÁNSITO,AUTOMOVIL,PARTICULAR
2023-03-05,5.0,Con heridos,Atropello,,,190.0,C29,TRÁNSITO,AUTOMOVIL,PARTICULAR
2023-03-06,3.0,Con heridos,Choque,,,253.0,C02,TRÁNSITO,AUTOMOVIL,PARTICULAR
2023-03-07,4.0,Con heridos,Choque,,,232.0,C02,TRÁNSITO,AUTOMOVIL,PARTICULAR
2023-03-08,6.0,Con heridos,Choque,,,212.0,C02,TRÁNSITO,AUTOMOVIL,PARTICULAR
2023-03-09,5.0,Con heridos,Choque,,,223.0,C02,TRÁNSITO,AUTOMOVIL,PARTICULAR
2023-03-10,4.0,Con heridos,Choque,,,233.0,C02,TRÁNSITO,AUTOMOVIL,PARTICULAR
2023-03-11,8.0,Con heridos,Choque,,,241.0,C02,TRÁNSITO,AUTOMOVIL,PARTICULAR
2023-03-12,2.0,Con heridos,Choque,,,273.0,C29,TRÁNSITO,AUTOMOVIL,PARTICULAR
2023-03-13,2.0,Con heridos,Caida Ocupante,,,267.0,C02,TRÁNSITO,AUTOMOVIL,PARTICULAR
2023-03-14,5.0,Con heridos,Choque,,,257.0,C02,TRÁNSITO,AUTOMOVIL,PARTICULAR
2023-03-15,1.0,Con heridos,Choque,,,294.0,C02,TRÁNSITO,AUTOMOVIL,PARTICULAR
2023-03-16,2.0,Con heridos,Choque,,,314.0,C02,TRÁNSITO,AUTOMOVIL,PARTICULAR
2023-03-17,4.0,Con heridos,Choque,,,216.0,C02,TRÁNSITO,AUTOMOVIL,PARTICULAR
2023-03-18,4.0,Con heridos,Choque,,,265.0,C02,TRÁNSITO,AUTOMOVIL,PARTICULAR
2023-03-19,8.0,Con heridos,Choque,,,249.0,C29,TRÁNSITO,AUTOMOVIL,PARTICULAR
2023-03-20,5.0,Con heridos,Choque,,,248.0,C29,TRÁNSITO,AUTOMOVIL,PARTICULAR
2023-03-21,2.0,Con heridos,Atropello,,,286.0,C02,TRÁNSITO,AUTOMOVIL,PARTICULAR
2023-03-22,6.0,Con heridos,Choque,,,210.0,C02,TRÁNSITO,AUTOMOVIL,PARTICULAR
2023-03-23,4.0,Con heridos,Choque,,,240.0,C02,TRÁNSITO,AUTOMOVIL,PARTICULAR
2023-03-24,8.0,Con heridos,Choque,,,202.0,C02,TRÁNSITO,AUTOMOVIL,PARTICULAR
2023-03-25,8.0,Con heridos,Choque,,,223.0,C02,TRÁNSITO,AUTOMOVIL,PARTICULAR
2023-03-26,4.0,Con heridos,Atropello,,,263.0,C29,TRÁNSITO,AUTOMOVIL,PARTICULAR
2023-03-27,1.0,Con heridos,Atropello,,,244.0,C02,TRÁNSITO,AUTOMOVIL,PARTICULAR
2023-03-28,1.0,Con heridos,Otro,,,235.0,C02,TRÁNSITO,AUTOMOVIL,PARTICULAR
2023-03-29,3.0,Con heridos,Choque,,,210.0,C02,TRÁNSITO,AUTOMOVIL,PARTICULAR
2023-03-30,11.0,Con heridos,Choque,,,225.0,C02,TRÁNSITO,AUTOMOVIL,PARTICULAR
2023-03-31,11.0,Con heridos,Choque,,,255.0,C02,TRÁNSITO,AUTOMOVIL,PARTICULAR
2023-04-01,5.0,Con heridos,Choque,,,238.0,C02,TRÁNSITO,AUTOMOVIL,PARTICULAR
2023-04-02,7.0,Con heridos,Choque,,,236.0,C29,TRÁNSITO,AUTOMOVIL,PARTICULAR
2023-04-03,8.0,Con heridos,Choque,,,240.0,C02,TRÁNSITO,AUTOMOVIL,PARTICULAR
2023-04-04,5.0,Con heridos,Choque,,,255.0,C02,TRÁNSITO,AUTOMOVIL,PARTICULAR
2023-04-05,6.0,Con heridos,Choque,,,251.0,C02,TRÁNSITO,AUTOMOVIL,PARTICULAR
2023-04-06,4.0,Con heridos,Choque,,,262.0,C29,TRÁNSITO,AUTOMOVIL,PARTICULAR
2023-04-07,5.0,Con heridos,Choque,,,318.0,C29,TRÁNSITO,AUTOMOVIL,PARTICULAR
2023-04-08,3.0,Con heridos,Choque,,,176.0,C29,TRÁNSITO,AUTOMOVIL,PARTICULAR
2023-04-09,5.0,Con heridos,Choque,,,260.0,C29,TRÁNSITO,AUTOMOVIL,PARTICULAR
2023-04-10,5.0,Con heridos,Choque,,,254.0,C02,TRÁNSITO,AUTOMOVIL,PARTICULAR
2023-04-11,4.0,Con heridos,Choque,,,258.0,C02,TRÁNSITO,AUTOMOVIL,PARTICULAR
2023-04-12,4.0,Con heridos,Choque,,,267.0,C02,TRÁNSITO,AUTOMOVIL,PARTICULAR
2023-04-13,2.0,Con heridos,Choque,,,297.0,C02,TRÁNSITO,AUTOMOVIL,PARTICULAR
2023-04-14,7.0,Con heridos,Choque,,,221.0,C02,TRÁNSITO,AUTOMOVIL,PARTICULAR
2023-04-15,3.0,Con heridos,Choque,,,199.0,C02,TRÁNSITO,AUTOMOVIL,PARTICULAR
2023-04-16,7.0,Con heridos,Choque,,,232.0,C29,TRÁNSITO,AUTOMOVIL,PARTICULAR
2023-04-17,3.0,Con heridos,Choque,,,224.0,C02,TRÁNSITO,AUTOMOVIL,PARTICULAR
2023-04-18,6.0,Con heridos,Choque,,,195.0,C02,TRÁNSITO,AUTOMOVIL,PARTICULAR
2023-04-19,3.0,Con heridos,Choque,,,207.0,C02,TRÁNSITO,AUTOMOVIL,PARTICULAR
2023-04-20,3.0,Con heridos,Choque,,,247.0,C02,TRÁNSITO,AUTOMOVIL,PARTICULAR
2023-04-21,6.0,Con heridos,Choque,,,249.0,C02,TRÁNSITO,AUTOMOVIL,PARTICULAR
2023-04-22,5.0,Con heridos,Choque,,,223.0,C02,TRÁNSITO,AUTOMOVIL,PARTICULAR
2023-04-23,3.0,Con heridos,Choque,,,217.0,C29,TRÁNSITO,AUTOMOVIL,PARTICULAR
2023-04-24,3.0,Con heridos,Choque,,,254.0,C02,TRÁNSITO,AUTOMOVIL,PARTICULAR
2023-04-25,6.0,Con heridos,Choque,,,238.0,C02,TRÁNSITO,AUTOMOVIL,PARTICULAR
2023-04-26,6.0,Con heridos,Choque,,,286.0,C02,TRÁNSITO,AUTOMOVIL,PARTICULAR
2023-04-27,3.0,Con heridos,Choque,,,121.0,C29,TRÁNSITO,AUTOMOVIL,PARTICULAR
2023-04-28,2.0,Con heridos,Caida Ocupante,,,215.0,C02,TRÁNSITO,AUTOMOVIL,PARTICULAR
2023-04-29,7.0,Con heridos,Choque,,,302.0,C02,TRÁNSITO,AUTOMOVIL,PARTICULAR
2023-04-30,5.0,Con heridos,Atropello,,,196.0,C29,TRÁNSITO,AUTOMOVIL,PARTICULAR
2023-05-01,5.0,Con heridos,Choque,,,207.0,C29,TRÁNSITO,AUTOMOVIL,PARTICULAR
2023-05-02,4.0,Con heridos,Choque,,,272.0,C02,TRÁNSITO,AUTOMOVIL,PARTICULAR
2023-05-03,6.0,Con heridos,Choque,,,218.0,C02,TRÁNSITO,AUTOMOVIL,PARTICULAR
2023-05-04,7.0,Con heridos,Choque,,,214.0,C02,TRÁNSITO,AUTOMOVIL,PARTICULAR
2023-05-05,4.0,Con heridos,Choque,,,260.0,C02,TRÁNSITO,AUTOMOVIL,PARTICULAR
2023-05-06,13.0,Con heridos,Choque,,,284.0,C02,TRÁNSITO,AUTOMOVIL,PARTICULAR
2023-05-07,5.0,Con heridos,Choque,,,221.0,C29,TRÁNSITO,AUTOMOVIL,PARTICULAR
2023-05-08,5.0,Con heridos,Choque,,,280.0,C02,TRÁNSITO,AUTOMOVIL,PARTICULAR
2023-05-09,4.0,Con heridos,Choque,,,183.0,C02,TRÁNSITO,AUTOMOVIL,PARTICULAR
2023-05-10,3.0,Con heridos,Choque,,,304.0,C02,TRÁNSITO,AUTOMOVIL,PARTICULAR
2023-05-11,4.0,Con heridos,Choque,,,257.0,C02,TRÁNSITO,AUTOMOVIL,PARTICULAR
2023-05-12,4.0,Con heridos,Choque,,,286.0,C02,TRÁNSITO,AUTOMOVIL,PARTICULAR
2023-05-13,2.0,Con heridos,Atropello,,,318.0,C02,TRÁNSITO,AUTOMOVIL,PARTICULAR
2023-05-14,7.0,Con heridos,Choque,,,244.0,C29,TRÁNSITO,AUTOMOVIL,PARTICULAR
2023-05-15,6.0,Con heridos,Choque,,,265.0,C02,TRÁNSITO,AUTOMOVIL,PARTICULAR
2023-05-16,7.0,Con heridos,Choque,,,232.0,C02,TRÁNSITO,AUTOMOVIL,PARTICULAR
2023-05-17,4.0,Con heridos,Choque,,,215.0,C02,TRÁNSITO,AUTOMOVIL,PARTICULAR
2023-05-18,5.0,Con heridos,Choque,,,196.0,C02,TRÁNSITO,AUTOMOVIL,PARTICULAR
2023-05-19,5.0,Con heridos,Choque,,,242.0,C02,TRÁNSITO,AUTOMOVIL,PARTICULAR
2023-05-20,3.0,Con heridos,Choque,,,258.0,C02,TRÁNSITO,AUTOMOVIL,PARTICULAR
2023-05-21,3.0,Con heridos,Choque,,,239.0,C29,TRÁNSITO,AUTOMOVIL,PARTICULAR
2023-05-22,5.0,Con heridos,Choque,,,226.0,C29,TRÁNSITO,AUTOMOVIL,PARTICULAR
2023-05-23,4.0,Con heridos,Choque,,,296.0,C02,TRÁNSITO,AUTOMOVIL,PARTICULAR
2023-05-24,6.0,Con heridos,Choque,,,271.0,C02,TRÁNSITO,AUTOMOVIL,PARTICULAR
2023-05-25,5.0,Con heridos,Choque,,,260.0,C02,TRÁNSITO,AUTOMOVIL,PARTICULAR
2023-05-26,4.0,Con heridos,Choque,,,294.0,C02,TRÁNSITO,AUTOMOVIL,PARTICULAR
2023-05-27,4.0,Con heridos,Choque,,,266.0,C02,TRÁNSITO,AUTOMOVIL,PARTICULAR
2023-05-28,8.0,Con heridos,Choque,,,245.0,C29,TRÁNSITO,AUTOMOVIL,PARTICULAR
2023-05-29,3.0,Con heridos,Choque,,,248.0,C02,TRÁNSITO,AUTOMOVIL,PARTICULAR
2023-05-30,2.0,Con heridos,Caida Ocupante,,,212.0,C29,TRÁNSITO,AUTOMOVIL,PARTICULAR
2023-05-31,4.0,Con heridos,Choque,,,200.0,C02,TRÁNSITO,AUTOMOVIL,PARTICULAR
2023-06-01,5.0,Con heridos,Choque,,,229.0,C02,TRÁNSITO,AUTOMOVIL,PARTICULAR
2023-06-02,1.0,Con heridos,Choque,,,340.0,C02,TRÁNSITO,AUTOMOVIL,PARTICULAR
2023-06-03,4.0,Con heridos,Choque,,,262.0,C02,TRÁNSITO,AUTOMOVIL,PARTICULAR
2023-06-04,7.0,Con heridos,Choque,,,171.0,C29,TRÁNSITO,AUTOMOVIL,PARTICULAR
2023-06-05,4.0,Con heridos,Choque,,,325.0,C02,TRÁNSITO,AUTOMOVIL,PARTICULAR
2023-06-06,5.0,Con heridos,Choque,,,304.0,C02,TRÁNSITO,AUTOMOVIL,PARTICULAR
2023-06-07,9.0,Con heridos,Choque,,,346.0,C02,TRÁNSITO,AUTOMOVIL,PARTICULAR
2023-06-08,4.0,Con heridos,Choque,,,218.0,C02,TRÁNSITO,AUTOMOVIL,PARTICULAR
2023-06-09,5.0,Con heridos,Choque,,,261.0,C02,TRÁNSITO,AUTOMOVIL,PARTICULAR
2023-06-10,4.0,Con heridos,Choque,,,256.0,C02,TRÁNSITO,AUTOMOVIL,PARTICULAR
2023-06-11,5.0,Con heridos,Choque,,,214.0,C29,TRÁNSITO,AUTOMOVIL,PARTICULAR
2023-06-12,1.0,Con heridos,Choque,,,242.0,C29,TRÁNSITO,AUTOMOVIL,PARTICULAR
2023-06-13,5.0,Con heridos,Choque,,,247.0,C02,TRÁNSITO,AUTOMOVIL,PARTICULAR
2023-06-14,4.0,Con heridos,Choque,,,315.0,C02,TRÁNSITO,AUTOMOVIL,PARTICULAR
2023-06-15,11.0,Con heridos,Choque,,,304.0,C02,TRÁNSITO,AUTOMOVIL,PARTICULAR
2023-06-16,6.0,Con heridos,Choque,,,295.0,C02,TRÁNSITO,AUTOMOVIL,PARTICULAR
2023-06-17,5.0,Con heridos,Choque,,,289.0,C02,TRÁNSITO,AUTOMOVIL,PARTICULAR
2023-06-18,7.0,Con heridos,Choque,,,272.0,C29,TRÁNSITO,AUTOMOVIL,PARTICULAR
2023-06-19,3.0,Con heridos,Choque,,,272.0,C29,TRÁNSITO,AUTOMOVIL,PARTICULAR
2023-06-20,6.0,Con heridos,Choque,,,280.0,C29,TRÁNSITO,AUTOMOVIL,PARTICULAR
2023-06-21,6.0,Con heridos,Choque,,,278.0,C02,TRÁNSITO,AUTOMOVIL,PARTICULAR
2023-06-22,4.0,Con heridos,Choque,,,312.0,C02,TRÁNSITO,AUTOMOVIL,PARTICULAR
2023-06-23,2.0,Con heridos,Choque,,,269.0,C02,TRÁNSITO,AUTOMOVIL,PARTICULAR
2023-06-24,6.0,Con heridos,Choque,,,261.0,C02,TRÁNSITO,AUTOMOVIL,PARTICULAR
2023-06-25,4.0,Con heridos,Choque,,,216.0,C29,TRÁNSITO,AUTOMOVIL,PARTICULAR
2023-06-26,1.0,Con heridos,Choque,,,214.0,C02,TRÁNSITO,AUTOMOVIL,PARTICULAR
2023-06-27,6.0,Con heridos,Choque,,,215.0,C02,TRÁNSITO,AUTOMOVIL,PARTICULAR
2023-06-28,3.0,Con heridos,Choque,,,271.0,C02,TRÁNSITO,AUTOMOVIL,PARTICULAR
2023-06-29,2.0,Con heridos,Choque,,,259.0,C02,TRÁNSITO,AUTOMOVIL,PARTICULAR
2023-06-30,2.0,Con heridos,Choque,,,306.0,C02,TRÁNSITO,AUTOMOVIL,PARTICULAR
2023-07-01,3.0,Con heridos,Choque,,,238.0,C02,TRÁNSITO,AUTOMOVIL,PARTICULAR
2023-07-02,6.0,Con heridos,Choque,,,167.0,C29,TRÁNSITO,AUTOMOVIL,PARTICULAR
2023-07-03,4.0,Con heridos,Choque,,,193.0,C29,TRÁNSITO,AUTOMOVIL,PARTICULAR
2023-07-04,7.0,Con heridos,Choque,,,322.0,C02,TRÁNSITO,AUTOMOVIL,PARTICULAR
2023-07-05,5.0,Con heridos,Choque,,,303.0,C02,TRÁNSITO,AUTOMOVIL,PARTICULAR
2023-07-06,5.0,Con heridos,Choque,,,286.0,C02,TRÁNSITO,AUTOMOVIL,PARTICULAR
2023-07-07,7.0,Con heridos,Choque,,,281.0,C02,TRÁNSITO,AUTOMOVIL,PARTICULAR
2023-07-08,2.0,Con heridos,Atropello,,,275.0,C02,TRÁNSITO,AUTOMOVIL,PARTICULAR
2023-07-09,3.0,Con heridos,Choque,,,188.0,C29,TRÁNSITO,AUTOMOVIL,PARTICULAR
2023-07-10,9.0,Con heridos,Choque,,,290.0,C02,TRÁNSITO,AUTOMOVIL,PARTICULAR
2023-07-11,4.0,Con heridos,Choque,,,310.0,C02,TRÁNSITO,AUTOMOVIL,PARTICULAR
2023-07-12,5.0,Con heridos,Choque,,,274.0,C02,TRÁNSITO,AUTOMOVIL,PARTICULAR
2023-07-13,2.0,Con heridos,Atropello,,,325.0,C02,TRÁNSITO,AUTOMOVIL,PARTICULAR
2023-07-14,4.0,Con heridos,Choque,,,333.0,C02,TRÁNSITO,AUTOMOVIL,PARTICULAR
2023-07-15,4.0,Con heridos,Choque,,,274.0,C02,TRÁNSITO,AUTOMOVIL,PARTICULAR
2023-07-16,4.0,Con heridos,Choque,,,190.0,C29,TRÁNSITO,AUTOMOVIL,PARTICULAR
2023-07-17,6.0,Con heridos,Choque,,,356.0,C02,TRÁNSITO,AUTOMOVIL,PARTICULAR
2023-07-18,1.0,Con heridos,Choque,,,319.0,C02,TRÁNSITO,AUTOMOVIL,PARTICULAR
2023-07-19,2.0,Con heridos,Atropello,,,306.0,C02,TRÁNSITO,AUTOMOVIL,PARTICULAR
2023-07-20,4.0,Con heridos,Choque,,,232.0,C29,TRÁNSITO,AUTOMOVIL,PARTICULAR
2023-07-21,5.0,Con heridos,Choque,,,295.0,C02,TRÁNSITO,AUTOMOVIL,PARTICULAR
2023-07-22,2.0,Con heridos,Atropello,,,272.0,C02,TRÁNSITO,AUTOMOVIL,PARTICULAR
2023-07-23,7.0,Con heridos,Choque,,,192.0,C29,TRÁNSITO,AUTOMOVIL,PARTICULAR
2023-07-24,6.0,Con heridos,Choque,,,280.0,C02,TRÁNSITO,AUTOMOVIL,PARTICULAR
2023-07-25,5.0,Con heridos,Choque,,,265.0,C02,TRÁNSITO,AUTOMOVIL,PARTICULAR
2023-07-26,7.0,Con heridos,Choque,,,289.0,C02,TRÁNSITO,AUTOMOVIL,PARTICULAR
2023-07-27,6.0,Con heridos,Atropello,,,339.0,C02,TRÁNSITO,AUTOMOVIL,PARTICULAR
2023-07-28,3.0,Con heridos,Choque,,,399.0,C02,TRÁNSITO,AUTOMOVIL,PARTICULAR
2023-07-29,5.0,Con heridos,Choque,,,456.0,C02,TRÁNSITO,AUTOMOVIL,PARTICULAR
2023-07-30,6.0,Con heridos,Choque,,,240.0,C29,TRÁNSITO,AUTOMOVIL,PARTICULAR
2023-07-31,2.0,Con heridos,Atropello,,,265.0,C02,TRÁNSITO,AUTOMOVIL,PARTICULAR
2023-08-01,1.0,Con heridos,Atropello,,,337.0,C02,TRÁNSITO,AUTOMOVIL,PARTICULAR
2023-08-02,5.0,Con heridos,Choque,,,304.0,C02,TRÁNSITO,AUTOMOVIL,PARTICULAR
2023-08-03,8.0,Con heridos,Choque,,,344.0,C02,TRÁNSITO,AUTOMOVIL,PARTICULAR
2023-08-04,2.0,Con heridos,Choque,,,322.0,C02,TRÁNSITO,AUTOMOVIL,PARTICULAR
2023-08-05,4.0,Con heridos,Choque,,,330.0,C02,TRÁNSITO,AUTOMOVIL,PARTICULAR
2023-08-06,8.0,Con heridos,Choque,,,242.0,C29,TRÁNSITO,AUTOMOVIL,PARTICULAR
2023-08-07,3.0,Con heridos,Choque,,,238.0,C29,TRÁNSITO,AUTOMOVIL,PARTICULAR
2023-08-08,7.0,Con heridos,Choque,,,283.0,C02,TRÁNSITO,AUTOMOVIL,PARTICULAR
2023-08-09,3.0,Con heridos,Choque,,,262.0,C02,TRÁNSITO,AUTOMOVIL,PARTICULAR
2023-08-10,6.0,Con heridos,Atropello,,,258.0,C02,TRÁNSITO,AUTOMOVIL,PARTICULAR
2023-08-11,7.0,Con heridos,Choque,,,306.0,C02,TRÁNSITO,AUTOMOVIL,PARTICULAR
2023-08-12,3.0,Con heridos,Choque,,,291.0,C02,TRÁNSITO,AUTOMOVIL,PARTICULAR
2023-08-13,4.0,Con heridos,Choque,,,176.0,C29,TRÁNSITO,AUTOMOVIL,PARTICULAR
2023-08-14,8.0,Con heridos,Choque,,,278.0,C02,TRÁNSITO,AUTOMOVIL,PARTICULAR
2023-08-15,4.0,Con heridos,Choque,,,243.0,C02,TRÁNSITO,AUTOMOVIL,PARTICULAR
2023-08-16,3.0,Con heridos,Choque,,,244.0,C02,TRÁNSITO,AUTOMOVIL,PARTICULAR
2023-08-17,6.0,Con heridos,Choque,,,295.0,C02,TRÁNSITO,AUTOMOVIL,PARTICULAR
2023-08-18,1.0,Con heridos,Atropello,,,310.0,C02,TRÁNSITO,AUTOMOVIL,PARTICULAR
2023-08-19,6.0,Con heridos,Choque,,,253.0,C02,TRÁNSITO,AUTOMOVIL,PARTICULAR
2023-08-20,6.0,Con heridos,Choque,,,188.0,C29,TRÁNSITO,AUTOMOVIL,PARTICULAR
2023-08-21,1.0,Con heridos,Choque,,,144.0,C29,TRÁNSITO,AUTOMOVIL,PARTICULAR
2023-08-22,3.0,Con heridos,Choque,,,278.0,C02,TRÁNSITO,AUTOMOVIL,PARTICULAR
2023-08-23,3.0,Con heridos,Choque,,,261.0,C02,TRÁNSITO,AUTOMOVIL,PARTICULAR
2023-08-24,2.0,Con heridos,Choque,,,243.0,C02,TRÁNSITO,AUTOMOVIL,PARTICULAR
2023-08-25,2.0,Con heridos,Atropello,,,289.0,C02,TRÁNSITO,AUTOMOVIL,PARTICULAR
2023-08-26,9.0,Con heridos,Choque,,,245.0,C02,TRÁNSITO,AUTOMOVIL,PARTICULAR
2023-08-27,5.0,Con heridos,Choque,,,176.0,C29,TRÁNSITO,AUTOMOVIL,PARTICULAR
2023-08-28,3.0,Con heridos,Choque,,,331.0,C02,TRÁNSITO,AUTOMOVIL,PARTICULAR
2023-08-29,5.0,Con heridos,Choque,,,279.0,C02,TRÁNSITO,AUTOMOVIL,PARTICULAR
2023-08-30,4.0,Con heridos,Choque,,,308.0,C02,TRÁNSITO,AUTOMOVIL,PARTICULAR
2023-08-31,7.0,Con heridos,Choque,,,322.0,C02,TRÁNSITO,AUTOMOVIL,PARTICULAR
2023-09-01,1.0,Con muertos,Atropello,,,338.0,C02,TRÁNSITO,AUTOMOVIL,PARTICULAR
2023-09-02,4.0,Con heridos,Choque,,,284.0,C02,TRÁNSITO,AUTOMOVIL,PARTICULAR
2023-09-03,5.0,Con heridos,Choque,,,171.0,C29,TRÁNSITO,AUTOMOVIL,PARTICULAR
2023-09-04,3.0,Con heridos,Choque,,,315.0,C02,TRÁNSITO,AUTOMOVIL,PARTICULAR
2023-09-05,7.0,Con heridos,Choque,,,345.0,C02,TRÁNSITO,AUTOMOVIL,PARTICULAR
2023-09-06,2.0,Con heridos,Choque,,,298.0,C02,TRÁNSITO,AUTOMOVIL,PARTICULAR
2023-09-07,7.0,Con heridos,Choque,,,251.0,C02,TRÁNSITO,AUTOMOVIL,PARTICULAR
2023-09-08,8.0,Con heridos,Choque,,,348.0,C02,TRÁNSITO,AUTOMOVIL,PARTICULAR
2023-09-09,6.0,Con heridos,Choque,,,331.0,C02,TRÁNSITO,AUTOMOVIL,PARTICULAR
2023-09-10,4.0,Con heridos,Choque,,,224.0,C29,TRÁNSITO,AUTOMOVIL,PARTICULAR
2023-09-11,2.0,Con heridos,Atropello,,,353.0,C02,TRÁNSITO,AUTOMOVIL,PARTICULAR
2023-09-12,3.0,Con heridos,Choque,,,276.0,C02,TRÁNSITO,AUTOMOVIL,PARTICULAR
2023-09-13,3.0,Con heridos,Choque,,,300.0,C02,TRÁNSITO,AUTOMOVIL,PARTICULAR
2023-09-14,6.0,Con heridos,Choque,,,301.0,C02,TRÁNSITO,AUTOMOVIL,PARTICULAR
2023-09-15,9.0,Con heridos,Choque,,,291.0,C02,TRÁNSITO,AUTOMOVIL,PARTICULAR
2023-09-16,4.0,Con heridos,Atropello,,,240.0,C02,TRÁNSITO,AUTOMOVIL,PARTICULAR
2023-09-17,4.0,Con heridos,Choque,,,152.0,C29,TRÁNSITO,AUTOMOVIL,PARTICULAR
2023-09-18,3.0,Con heridos,Choque,,,291.0,C02,TRÁNSITO,AUTOMOVIL,PARTICULAR
2023-09-19,3.0,Con heridos,Choque,,,289.0,C02,TRÁNSITO,AUTOMOVIL,PARTICULAR
2023-09-20,5.0,Con heridos,Choque,,,262.0,C02,TRÁNSITO,AUTOMOVIL,PARTICULAR
2023-09-21,5.0,Con heridos,Choque,,,303.0,C02,TRÁNSITO,AUTOMOVIL,PARTICULAR
2023-09-22,3.0,Con heridos,Choque,,,327.0,C02,TRÁNSITO,AUTOMOVIL,PARTICULAR
2023-09-23,7.0,Con heridos,Choque,,,296.0,C02,TRÁNSITO,AUTOMOVIL,PARTICULAR
2023-09-24,2.0,Con heridos,Choque,,,222.0,C29,TRÁNSITO,AUTOMOVIL,PARTICULAR
2023-09-25,8.0,Con heridos,Choque,,,328.0,C02,TRÁNSITO,AUTOMOVIL,PARTICULAR
2023-09-26,3.0,Con heridos,Choque,,,283.0,C02,TRÁNSITO,AUTOMOVIL,PARTICULAR
2023-09-27,8.0,Con heridos,Choque,,,332.0,C02,TRÁNSITO,AUTOMOVIL,PARTICULAR
2023-09-28,2.0,Con heridos,Choque,,,313.0,C02,TRÁNSITO,AUTOMOVIL,PARTICULAR
2023-09-29,5.0,Con heridos,Choque,,,348.0,C02,TRÁNSITO,AUTOMOVIL,PARTICULAR
2023-09-30,3.0,Con heridos,Choque,,,272.0,C02,TRÁNSITO,AUTOMOVIL,PARTICULAR
2023-10-01,9.0,Con heridos,Choque,,,191.0,C29,TRÁNSITO,AUTOMOVIL,PARTICULAR
2023-10-02,10.0,Con heridos,Choque,,,332.0,C02,TRÁNSITO,AUTOMOVIL,PARTICULAR
2023-10-03,2.0,Con heridos,Choque,,,301.0,C02,TRÁNSITO,AUTOMOVIL,PARTICULAR
2023-10-04,5.0,Con heridos,Choque,,,330.0,C02,TRÁNSITO,AUTOMOVIL,PARTICULAR
2023-10-05,5.0,Con heridos,Choque,,,325.0,C02,TRÁNSITO,AUTOMOVIL,PARTICULAR
2023-10-06,4.0,Con heridos,Choque,,,344.0,C02,TRÁNSITO,AUTOMOVIL,PARTICULAR
2023-10-07,5.0,Con heridos,Choque,,,295.0,C02,TRÁNSITO,AUTOMOVIL,PARTICULAR
2023-10-08,2.0,Con heridos,Choque,,,180.0,C29,TRÁNSITO,AUTOMOVIL,PARTICULAR
2023-10-10,5.0,Con heridos,Choque,,,277.0,C02,TRÁNSITO,AUTOMOVIL,PARTICULAR
2023-10-11,4.0,Con heridos,Choque,,,235.0,C02,TRÁNSITO,AUTOMOVIL,PARTICULAR
2023-10-12,3.0,Con muertos,Choque,,,169.0,C02,TRÁNSITO,AUTOMOVIL,PARTICULAR
2023-10-13,9.0,Con heridos,Choque,,,239.0,C02,TRÁNSITO,AUTOMOVIL,PARTICULAR
2023-10-14,1.0,Con heridos,Choque,,,270.0,C02,TRÁNSITO,AUTOMOVIL,PARTICULAR
2023-10-15,3.0,Con heridos,Atropello,,,199.0,C29,TRÁNSITO,AUTOMOVIL,PARTICULAR
2023-10-16,7.0,Con heridos,Choque,,,161.0,C29,TRÁNSITO,AUTOMOVIL,PARTICULAR
2023-10-17,4.0,Con heridos,Choque,,,296.0,C02,TRÁNSITO,AUTOMOVIL,PARTICULAR
2023-10-18,4.0,Con heridos,Choque,,,280.0,C02,TRÁNSITO,AUTOMOVIL,PARTICULAR
2023-10-19,2.0,Con heridos,Choque,,,267.0,C02,TRÁNSITO,AUTOMOVIL,PARTICULAR
2023-10-20,8.0,Con heridos,Choque,,,338.0,C02,TRÁNSITO,AUTOMOVIL,PARTICULAR
2023-10-21,2.0,Con heridos,Atropello,,,280.0,C02,TRÁNSITO,AUTOMOVIL,PARTICULAR
2023-10-22,4.0,Con heridos,Choque,,,224.0,C29,TRÁNSITO,AUTOMOVIL,PARTICULAR
2023-10-23,5.0,Con heridos,Choque,,,338.0,C02,TRÁNSITO,AUTOMOVIL,PARTICULAR
2023-10-24,4.0,Con heridos,Choque,,,326.0,C02,TRÁNSITO,AUTOMOVIL,PARTICULAR
2023-10-25,6.0,Con heridos,Choque,,,252.0,C02,TRÁNSITO,AUTOMOVIL,PARTICULAR
2023-10-26,4.0,Con heridos,Choque,,,226.0,C02,TRÁNSITO,AUTOMOVIL,PARTICULAR
2023-10-27,3.0,Con heridos,Choque,,,297.0,C02,TRÁNSITO,AUTOMOVIL,PARTICULAR
2023-10-28,4.0,Con heridos,Choque,,,254.0,C02,TRÁNSITO,AUTOMOVIL,PARTICULAR
2023-10-29,3.0,Con heridos,Choque,,,195.0,C29,TRÁNSITO,AUTOMOVIL,PARTICULAR
2023-10-30,4.0,Con heridos,Choque,,,240.0,C02,TRÁNSITO,AUTOMOVIL,PARTICULAR
2023-10-31,6.0,Con heridos,Choque,,,320.0,C02,TRÁNSITO,AUTOMOVIL,PARTICULAR
2023-11-01,5.0,Con heridos,Choque,,,204.0,C02,TRÁNSITO,AUTOMOVIL,PARTICULAR
2023-11-02,5.0,Con heridos,Choque,,,262.0,C02,TRÁNSITO,AUTOMOVIL,PARTICULAR
2023-11-03,8.0,Con heridos,Choque,,,304.0,C02,TRÁNSITO,AUTOMOVIL,PARTICULAR
2023-11-04,7.0,Con heridos,Choque,,,260.0,C02,TRÁNSITO,AUTOMOVIL,PARTICULAR
2023-11-05,4.0,Con heridos,Choque,,,166.0,C29,TRÁNSITO,AUTOMOVIL,PARTICULAR
2023-11-06,5.0,Con heridos,Choque,,,153.0,C29,TRÁNSITO,AUTOMOVIL,PARTICULAR
2023-11-07,6.0,Con heridos,Choque,,,266.0,C02,TRÁNSITO,AUTOMOVIL,PARTICULAR
2023-11-08,3.0,Con heridos,Choque,,,266.0,C02,TRÁNSITO,AUTOMOVIL,PARTICULAR
2023-11-09,6.0,Con heridos,Choque,,,291.0,C02,TRÁNSITO,AUTOMOVIL,PARTICULAR
2023-11-10,6.0,Con heridos,Choque,,,294.0,C02,TRÁNSITO,AUTOMOVIL,PARTICULAR
2023-11-11,5.0,Con heridos,Choque,,,284.0,C02,TRÁNSITO,AUTOMOVIL,PARTICULAR
2023-11-12,4.0,Con heridos,Choque,,,202.0,C29,TRÁNSITO,AUTOMOVIL,PARTICULAR
2023-11-13,2.0,Con heridos,Choque,,,177.0,C29,TRÁNSITO,AUTOMOVIL,PARTICULAR
2023-11-14,4.0,Con heridos,Choque,,,296.0,C02,TRÁNSITO,AUTOMOVIL,PARTICULAR
2023-11-15,5.0,Con heridos,Choque,,,252.0,C02,TRÁNSITO,AUTOMOVIL,PARTICULAR
2023-11-16,4.0,Con heridos,Choque,,,230.0,C02,TRÁNSITO,AUTOMOVIL,PARTICULAR
2023-11-17,2.0,Con heridos,Atropello,,,277.0,C02,TRÁNSITO,AUTOMOVIL,PARTICULAR
2023-11-18,3.0,Con heridos,Choque,,,240.0,C02,TRÁNSITO,AUTOMOVIL,PARTICULAR
2023-11-19,5.0,Con heridos,Choque,,,98.0,C29,TRÁNSITO,AUTOMOVIL,PARTICULAR
2023-11-20,8.0,Con heridos,Choque,,,253.0,C02,TRÁNSITO,AUTOMOVIL,PARTICULAR
2023-11-21,5.0,Con heridos,Choque,,,263.0,C02,TRÁNSITO,AUTOMOVIL,PARTICULAR
2023-11-22,2.0,Con heridos,Choque,,,271.0,C02,TRÁNSITO,AUTOMOVIL,PARTICULAR
2023-11-23,4.0,Con heridos,Choque,,,260.0,C02,TRÁNSITO,AUTOMOVIL,PARTICULAR
2023-11-24,7.0,Con heridos,Choque,,,295.0,C02,TRÁNSITO,AUTOMOVIL,PARTICULAR
2023-11-25,3.0,Con heridos,Choque,,,250.0,C02,TRÁNSITO,AUTOMOVIL,PARTICULAR
2023-11-26,2.0,Con heridos,Choque,,,127.0,C29,TRÁNSITO,AUTOMOVIL,PARTICULAR
2023-11-27,9.0,Con heridos,Choque,,,278.0,C02,TRÁNSITO,AUTOMOVIL,PARTICULAR
2023-11-28,5.0,Con heridos,Choque,,,266.0,C02,TRÁNSITO,AUTOMOVIL,PARTICULAR
2023-11-29,3.0,Con heridos,Choque,,,320.0,C02,TRÁNSITO,AUTOMOVIL,PARTICULAR
2023-11-30,2.0,Con heridos,Choque,,,330.0,C02,TRÁNSITO,AUTOMOVIL,PARTICULAR
2023-12-01,8.0,Con heridos,Choque,,,299.0,C02,TRÁNSITO,AUTOMOVIL,PARTICULAR
2023-12-02,3.0,Con heridos,Choque,,,249.0,C02,TRÁNSITO,AUTOMOVIL,PARTICULAR
2023-12-03,2.0,Con heridos,Choque,,,175.0,C29,TRÁNSITO,AUTOMOVIL,PARTICULAR
2023-12-04,3.0,Con heridos,Choque,,,315.0,C02,TRÁNSITO,AUTOMOVIL,PARTICULAR
2023-12-05,7.0,Con heridos,Choque,,,336.0,C02,TRÁNSITO,AUTOMOVIL,PARTICULAR
2023-12-06,1.0,Con heridos,Choque,,,337.0,C02,TRÁNSITO,AUTOMOVIL,PARTICULAR
2023-12-07,5.0,Con heridos,Choque,,,303.0,C02,TRÁNSITO,AUTOMOVIL,PARTICULAR
2023-12-08,2.0,Con heridos,Choque,,,354.0,C29,TRÁNSITO,AUTOMOVIL,PARTICULAR
2023-12-09,6.0,Con heridos,Choque,,,231.0,C02,TRÁNSITO,AUTOMOVIL,PARTICULAR
2023-12-10,2.0,Con heridos,Choque,,,171.0,C29,TRÁNSITO,AUTOMOVIL,PARTICULAR
2023-12-11,4.0,Con heridos,Choque,,,305.0,C02,TRÁNSITO,AUTOMOVIL,PARTICULAR
2023-12-12,4.0,Con heridos,Choque,,,264.0,C02,TRÁNSITO,AUTOMOVIL,PARTICULAR
2023-12-13,9.0,Con heridos,Choque,,,288.0,C02,TRÁNSITO,AUTOMOVIL,PARTICULAR
2023-12-14,3.0,Con heridos,Choque,,,270.0,C02,TRÁNSITO,AUTOMOVIL,PARTICULAR
2023-12-15,1.0,Con heridos,Choque,,,323.0,C02,TRÁNSITO,AUTOMOVIL,PARTICULAR
2023-12-16,3.0,Con heridos,Choque,,,270.0,C02,TRÁNSITO,AUTOMOVIL,PARTICULAR
2023-12-17,2.0,Con heridos,Choque,,,153.0,C29,TRÁNSITO,AUTOMOVIL,PARTICULAR
2023-12-18,4.0,Con heridos,Choque,,,303.0,C02,TRÁNSITO,AUTOMOVIL,PARTICULAR
2023-12-19,2.0,Con heridos,Choque,,,371.0,C02,TRÁNSITO,AUTOMOVIL,PARTICULAR
2023-12-20,8.0,Con heridos,Choque,,,337.0,C02,TRÁNSITO,AUTOMOVIL,PARTICULAR
2023-12-21,8.0,Con heridos,Choque,,,325.0,C02,TRÁNSITO,AUTOMOVIL,PARTICULAR
2023-12-22,4.0,Con heridos,Choque,,,339.0,C02,TRÁNSITO,AUTOMOVIL,PARTICULAR
2023-12-23,6.0,Con heridos,Choque,,,315.0,C02,TRÁNSITO,AUTOMOVIL,PARTICULAR
2023-12-24,4.0,Con heridos,Choque,,,200.0,C29,TRÁNSITO,AUTOMOVIL,PARTICULAR
2023-12-25,3.0,Con heridos,Atropello,,,255.0,C29,TRÁNSITO,AUTOMOVIL,PARTICULAR
2023-12-26,8.0,Con heridos,Choque,,,303.0,C02,TRÁNSITO,AUTOMOVIL,PARTICULAR
2023-12-27,5.0,Con heridos,Choque,,,297.0,C02,TRÁNSITO,AUTOMOVIL,PARTICULAR
2023-12-28,2.0,Con heridos,Choque,,,303.0,C02,TRÁNSITO,AUTOMOVIL,PARTICULAR
2023-12-29,5.0,Con heridos,Choque,,,176.0,C29,TRÁNSITO,AUTOMOVIL,PARTICULAR
2023-12-30,2.0,Con heridos,Choque,,,197.0,C29,TRÁNSITO,AUTOMOVIL,PARTICULAR
2024-01-01,6.0,Con heridos,Choque,,,269.0,C29,TRÁNSITO,AUTOMOVIL,PARTICULAR
2024-01-02,1.0,Con heridos,Choque,,,260.0,C29,TRÁNSITO,AUTOMOVIL,PARTICULAR
2024-01-03,3.0,Con heridos,Choque,,,213.0,C02,TRÁNSITO,AUTOMOVIL,PARTICULAR
2024-01-04,3.0,Con heridos,Choque,,,229.0,C02,TRÁNSITO,AUTOMOVIL,PARTICULAR
2024-01-05,4.0,Con heridos,Choque,,,206.0,C02,TRÁNSITO,AUTOMOVIL,PARTICULAR
2024-01-06,7.0,Con heridos,Choque,,,175.0,C02,TRÁNSITO,AUTOMOVIL,PARTICULAR
2024-01-07,4.0,Con heridos,Choque,,,200.0,C29,TRÁNSITO,AUTOMOVIL,PARTICULAR
2024-01-08,4.0,Con heridos,Choque,,,229.0,C29,TRÁNSITO,AUTOMOVIL,PARTICULAR
2024-01-09,4.0,Con heridos,Choque,,,219.0,C02,TRÁNSITO,AUTOMOVIL,PARTICULAR
2024-01-10,3.0,Con heridos,Choque,,,254.0,C02,TRÁNSITO,AUTOMOVIL,PARTICULAR
2024-01-11,1.0,Con heridos,Choque,,,229.0,C02,TRÁNSITO,AUTOMOVIL,PARTICULAR
2024-01-12,2.0,Con heridos,Choque,,,217.0,C02,TRÁNSITO,AUTOMOVIL,PARTICULAR
2024-01-13,3.0,Con heridos,Choque,,,206.0,C02,TRÁNSITO,AUTOMOVIL,PARTICULAR
2024-01-14,3.0,Con heridos,Choque,,,192.0,C29,TRÁNSITO,AUTOMOVIL,PARTICULAR
2024-01-15,4.0,Con heridos,Choque,,,248.0,C02,TRÁNSITO,AUTOMOVIL,PARTICULAR
2024-01-16,5.0,Con heridos,Choque,,,231.0,C02,TRÁNSITO,AUTOMOVIL,PARTICULAR
2024-01-17,6.0,Con heridos,Choque,,,231.0,C02,TRÁNSITO,AUTOMOVIL,PARTICULAR
2024-01-19,11.0,Con heridos,Choque,,,274.0,C02,TRÁNSITO,AUTOMOVIL,PARTICULAR
2024-01-20,5.0,Con heridos,Choque,,,274.0,C02,TRÁNSITO,AUTOMOVIL,PARTICULAR
2024-01-21,5.0,Con heridos,Choque,,,195.0,C29,TRÁNSITO,AUTOMOVIL,PARTICULAR
2024-01-22,6.0,Con heridos,Choque,,,272.0,C02,TRÁNSITO,AUTOMOVIL,PARTICULAR
2024-01-23,4.0,Con heridos,Atropello,,,263.0,C02,TRÁNSITO,AUTOMOVIL,PARTICULAR
2024-01-24,11.0,Con heridos,Choque,,,249.0,C02,TRÁNSITO,AUTOMOVIL,PARTICULAR
2024-01-25,5.0,Con heridos,Choque,,,243.0,C02,TRÁNSITO,AUTOMOVIL,PARTICULAR
2024-01-26,7.0,Con heridos,Choque,,,269.0,C02,TRÁNSITO,AUTOMOVIL,PARTICULAR
2024-01-27,2.0,Con heridos,Atropello,,,271.0,C02,TRÁNSITO,AUTOMOVIL,PARTICULAR
2024-01-28,3.0,Con heridos,Choque,,,199.0,C29,TRÁNSITO,AUTOMOVIL,PARTICULAR
2024-01-29,5.0,Con heridos,Choque,,,257.0,C02,TRÁNSITO,AUTOMOVIL,PARTICULAR
2024-01-30,6.0,Con heridos,Choque,,,217.0,C02,TRÁNSITO,AUTOMOVIL,PARTICULAR
2024-02-01,6.0,Con heridos,Choque,,,217.0,C02,TRÁNSITO,AUTOMOVIL,PARTICULAR
2024-02-02,5.0,Con heridos,Choque,,,232.0,C02,TRÁNSITO,AUTOMOVIL,PARTICULAR
2024-02-03,8.0,Con heridos,Choque,,,232.0,C02,TRÁNSITO,AUTOMOVIL,PARTICULAR
2024-02-04,4.0,Con heridos,Choque,,,139.0,C29,TRÁNSITO,AUTOMOVIL,PARTICULAR
2024-02-05,2.0,Con heridos,Choque,,,284.0,C02,TRÁNSITO,AUTOMOVIL,PARTICULAR
2024-02-06,3.0,Con heridos,Choque,,,263.0,C02,TRÁNSITO,AUTOMOVIL,PARTICULAR
2024-02-07,1.0,Con heridos,Choque,,,353.0,C02,TRÁNSITO,AUTOMOVIL,PARTICULAR
2024-02-08,5.0,Con heridos,Choque,,,321.0,C02,TRÁNSITO,AUTOMOVIL,PARTICULAR
2024-02-09,5.0,Con heridos,Choque,,,305.0,C02,TRÁNSITO,AUTOMOVIL,PARTICULAR
2024-02-10,6.0,Con heridos,Choque,,,193.0,C29,TRÁNSITO,AUTOMOVIL,PARTICULAR
2024-02-11,3.0,Con heridos,Choque,,,225.0,C29,TRÁNSITO,AUTOMOVIL,PARTICULAR
2024-02-12,4.0,Con heridos,Choque,,,208.0,C29,TRÁNSITO,AUTOMOVIL,PARTICULAR
2024-02-13,4.0,Con heridos,Choque,,,195.0,C29,TRÁNSITO,AUTOMOVIL,PARTICULAR
2024-02-14,7.0,Con heridos,Choque,,,241.0,C02,TRÁNSITO,AUTOMOVIL,PARTICULAR
2024-02-15,2.0,Con heridos,Choque,,,179.0,C02,TRÁNSITO,AUTOMOVIL,PARTICULAR
2024-02-16,4.0,Con heridos,Choque,,,278.0,C02,TRÁNSITO,AUTOMOVIL,PARTICULAR
2024-02-17,4.0,Con heridos,Choque,,,217.0,C02,TRÁNSITO,AUTOMOVIL,PARTICULAR
2024-02-18,3.0,Con heridos,Choque,,,172.0,C29,TRÁNSITO,AUTOMOVIL,PARTICULAR
2024-02-19,7.0,Con heridos,Choque,,,276.0,C02,TRÁNSITO,AUTOMOVIL,PARTICULAR
2024-02-20,7.0,Con heridos,Choque,,,209.0,C02,TRÁNSITO,AUTOMOVIL,PARTICULAR
2024-02-21,4.0,Con heridos,Atropello,,,267.0,C02,TRÁNSITO,AUTOMOVIL,PARTICULAR
2024-02-22,7.0,Con heridos,Choque,,,255.0,C02,TRÁNSITO,AUTOMOVIL,PARTICULAR
2024-02-23,4.0,Con heridos,Choque,,,298.0,C02,TRÁNSITO,AUTOMOVIL,PARTICULAR
2024-02-24,4.0,Con heridos,Choque,,,196.0,C29,TRÁNSITO,AUTOMOVIL,PARTICULAR
2024-02-25,7.0,Con heridos,Choque,,,216.0,C29,TRÁNSITO,CAMIONETA,PARTICULAR
2024-02-26,3.0,Con heridos,Choque,,,262.0,C02,TRÁNSITO,AUTOMOVIL,PARTICULAR
2024-02-27,2.0,Con heridos,Choque,,,264.0,C02,TRÁNSITO,AUTOMOVIL,PARTICULAR
2024-02-28,3.0,Con heridos,Choque,,,233.0,C02,TRÁNSITO,AUTOMOVIL,PARTICULAR
2024-02-29,6.0,Con heridos,Choque,,,235.0,C02,TRÁNSITO,AUTOMOVIL,PARTICULAR
2024-03-01,4.0,Con heridos,Choque,,,234.0,C02,TRÁNSITO,AUTOMOVIL,PARTICULAR
2024-03-02,1.0,Con heridos,Choque,,,210.0,C02,TRÁNSITO,AUTOMOVIL,PARTICULAR
2024-03-03,5.0,Con heridos,Atropello,,,116.0,C29,TRÁNSITO,AUTOMOVIL,PARTICULAR
2024-03-04,3.0,Con heridos,Choque,,,235.0,C02,TRÁNSITO,AUTOMOVIL,PARTICULAR
2024-03-05,8.0,Con heridos,Choque,,,266.0,C02,TRÁNSITO,AUTOMOVIL,PARTICULAR
2024-03-06,6.0,Con heridos,Choque,,,271.0,C02,TRÁNSITO,AUTOMOVIL,PARTICULAR
2024-03-07,5.0,Con heridos,Choque,,,209.0,C02,TRÁNSITO,AUTOMOVIL,PARTICULAR
2024-03-08,7.0,Con heridos,Choque,,,298.0,C02,TRÁNSITO,AUTOMOVIL,PARTICULAR
2024-03-09,3.0,Con heridos,Choque,,,209.0,C02,TRÁNSITO,AUTOMOVIL,PARTICULAR
2024-03-10,3.0,Con heridos,Atropello,,,203.0,C29,TRÁNSITO,AUTOMOVIL,PARTICULAR
2024-03-11,5.0,Con heridos,Choque,,,266.0,C02,TRÁNSITO,AUTOMOVIL,PARTICULAR
2024-03-12,5.0,Con heridos,Choque,,,240.0,C02,TRÁNSITO,AUTOMOVIL,PARTICULAR
2024-03-13,7.0,Con heridos,Choque,,,298.0,C02,TRÁNSITO,AUTOMOVIL,PARTICULAR
2024-03-14,5.0,Con heridos,Choque,,,329.0,C02,TRÁNSITO,AUTOMOVIL,PARTICULAR
2024-03-15,1.0,Con heridos,Choque,,,318.0,C02,TRÁNSITO,AUTOMOVIL,PARTICULAR
2024-03-16,8.0,Con heridos,Choque,,,286.0,C02,TRÁNSITO,AUTOMOVIL,PARTICULAR
2024-03-17,5.0,Con heridos,Choque,,,206.0,C29,TRÁNSITO,AUTOMOVIL,PARTICULAR
2024-03-18,5.0,Con heridos,Choque,,,299.0,C02,TRÁNSITO,AUTOMOVIL,PARTICULAR
2024-03-19,4.0,Con heridos,Choque,,,298.0,C02,TRÁNSITO,AUTOMOVIL,PARTICULAR
2024-03-20,3.0,Con heridos,Choque,,,270.0,C02,TRÁNSITO,AUTOMOVIL,PARTICULAR
2024-03-21,6.0,Con heridos,Choque,,,321.0,C02,TRÁNSITO,AUTOMOVIL,PARTICULAR
2024-03-22,4.0,Con heridos,Choque,,,355.0,C02,TRÁNSITO,AUTOMOVIL,PARTICULAR
2024-03-23,3.0,Con heridos,Choque,,,319.0,C02,TRÁNSITO,AUTOMOVIL,PARTICULAR
2024-03-24,6.0,Con heridos,Choque,,,235.0,C29,TRÁNSITO,AUTOMOVIL,PARTICULAR
2024-03-25,6.0,Con heridos,Choque,,,259.0,C29,TRÁNSITO,AUTOMOVIL,PARTICULAR
2024-03-26,10.0,Con heridos,Choque,,,350.0,C02,TRÁNSITO,AUTOMOVIL,PARTICULAR
2024-03-27,3.0,Con heridos,Choque,,,319.0,C02,TRÁNSITO,AUTOMOVIL,PARTICULAR
2024-03-28,1.0,Con heridos,Choque,,,298.0,C29,TRÁNSITO,AUTOMOVIL,PARTICULAR
2024-03-29,1.0,Con heridos,Choque,,,236.0,C29,TRÁNSITO,AUTOMOVIL,PARTICULAR
2024-03-30,2.0,Con heridos,Choque,,,152.0,C29,TRÁNSITO,AUTOMOVIL,PARTICULAR
2024-03-31,2.0,Con heridos,Choque,,,215.0,C29,TRÁNSITO,AUTOMOVIL,PARTICULAR
2024-04-01,7.0,Con heridos,Choque,,,287.0,C02,TRÁNSITO,AUTOMOVIL,PARTICULAR
2024-04-03,4.0,Con heridos,Choque,,,312.0,C02,TRÁNSITO,AUTOMOVIL,PARTICULAR
2024-04-04,3.0,Con heridos,Choque,,,272.0,C02,TRÁNSITO,AUTOMOVIL,PARTICULAR
2024-04-05,4.0,Con heridos,Choque,,,233.0,C02,TRÁNSITO,AUTOMOVIL,PARTICULAR
2024-04-06,5.0,Con heridos,Choque,,,282.0,C02,TRÁNSITO,AUTOMOVIL,PARTICULAR
2024-04-07,4.0,Con heridos,Choque,,,147.0,C29,TRÁNSITO,AUTOMOVIL,PARTICULAR
2024-04-08,5.0,Con heridos,Choque,,,249.0,C02,TRÁNSITO,AUTOMOVIL,PARTICULAR
2024-04-09,10.0,Con heridos,Choque,,,276.0,C02,TRÁNSITO,AUTOMOVIL,PARTICULAR
2024-04-10,7.0,Con heridos,Choque,,,253.0,C02,TRÁNSITO,AUTOMOVIL,PARTICULAR
2024-04-11,4.0,Con heridos,Choque,,,293.0,C02,TRÁNSITO,AUTOMOVIL,PARTICULAR
2024-04-12,6.0,Con heridos,Choque,,,312.0,C02,TRÁNSITO,AUTOMOVIL,PARTICULAR
2024-04-13,4.0,Con heridos,Choque,,,261.0,C02,TRÁNSITO,AUTOMOVIL,PARTICULAR
2024-04-14,8.0,Con heridos,Choque,,,197.0,C29,TRÁNSITO,AUTOMOVIL,PARTICULAR
2024-04-15,2.0,Con heridos,Choque,,,400.0,C02,TRÁNSITO,AUTOMOVIL,PARTICULAR
2024-04-16,5.0,Con heridos,Choque,,,293.0,C02,TRÁNSITO,AUTOMOVIL,PARTICULAR
2024-04-18,3.0,Con heridos,Choque,,,340.0,C02,TRÁNSITO,AUTOMOVIL,PARTICULAR
2024-04-19,4.0,Con heridos,Choque,,,361.0,C02,TRÁNSITO,AUTOMOVIL,PARTICULAR
2024-04-20,3.0,Con heridos,Choque,,,288.0,C02,TRÁNSITO,AUTOMOVIL,PARTICULAR
2024-04-21,2.0,Con heridos,Choque,,,230.0,C29,TRÁNSITO,AUTOMOVIL,PARTICULAR
2024-04-22,2.0,Con heridos,Choque,,,440.0,C02,TRÁNSITO,AUTOMOVIL,PARTICULAR
2024-04-23,2.0,Con heridos,Choque,,,379.0,C02,TRÁNSITO,AUTOMOVIL,PARTICULAR
2024-04-25,5.0,Con heridos,Choque,,,277.0,C02,TRÁNSITO,AUTOMOVIL,PARTICULAR
2024-04-26,4.0,Con heridos,Atropello,,,250.0,C02,TRÁNSITO,AUTOMOVIL,PARTICULAR
2024-04-27,5.0,Con heridos,Choque,,,254.0,C02,TRÁNSITO,AUTOMOVIL,PARTICULAR
2024-04-29,2.0,Con heridos,Choque,,,258.0,C02,TRÁNSITO,AUTOMOVIL,PARTICULAR
2024-04-30,1.0,Con heridos,Choque,,,290.0,C02,TRÁNSITO,AUTOMOVIL,PARTICULAR
2024-05-01,3.0,Con heridos,Choque,,,199.0,C29,TRÁNSITO,AUTOMOVIL,PARTICULAR
2024-05-02,2.0,Con heridos,Choque,,,249.0,C02,TRÁNSITO,AUTOMOVIL,PARTICULAR
2024-05-03,4.0,Con heridos,Choque,,,313.0,C02,TRÁNSITO,AUTOMOVIL,PARTICULAR
2024-05-04,5.0,Con heridos,Choque,,,376.0,C02,TRÁNSITO,AUTOMOVIL,PARTICULAR
2024-05-05,6.0,Con heridos,Atropello,,,226.0,C29,TRÁNSITO,AUTOMOVIL,PARTICULAR
2024-05-06,2.0,Con heridos,Choque,,,374.0,C02,TRÁNSITO,AUTOMOVIL,PARTICULAR
2024-05-07,3.0,Con heridos,Choque,,,332.0,C02,TRÁNSITO,AUTOMOVIL,PARTICULAR
2024-05-08,5.0,Con heridos,Choque,,,245.0,C02,TRÁNSITO,AUTOMOVIL,PARTICULAR
2024-05-09,2.0,Con heridos,Choque,,,244.0,C02,TRÁNSITO,AUTOMOVIL,PARTICULAR
2024-05-10,2.0,Con heridos,Choque,,,394.0,C02,TRÁNSITO,AUTOMOVIL,PARTICULAR
2024-05-11,6.0,Con heridos,Choque,,,371.0,C02,TRÁNSITO,AUTOMOVIL,PARTICULAR
2024-05-12,1.0,Con heridos,Choque,,,196.0,C29,TRÁNSITO,AUTOMOVIL,PARTICULAR
2024-05-13,2.0,Con heridos,Choque,,,244.0,C29,TRÁNSITO,AUTOMOVIL,PARTICULAR
2024-05-14,3.0,Con heridos,Choque,,,389.0,C02,TRÁNSITO,AUTOMOVIL,PARTICULAR
2024-05-15,2.0,Con heridos,Atropello,,,348.0,C02,TRÁNSITO,AUTOMOVIL,PARTICULAR
2024-05-16,4.0,Con heridos,Choque,,,306.0,C02,TRÁNSITO,AUTOMOVIL,PARTICULAR
2024-05-17,4.0,Con heridos,Choque,,,325.0,C02,TRÁNSITO,AUTOMOVIL,PARTICULAR
2024-05-18,5.0,Con heridos,Choque,,,272.0,C02,TRÁNSITO,AUTOMOVIL,PARTICULAR
2024-05-19,2.0,Con heridos,Atropello,,,241.0,C29,TRÁNSITO,AUTOMOVIL,PARTICULAR
2024-05-20,3.0,Con heridos,Choque,,,335.0,C02,TRÁNSITO,AUTOMOVIL,PARTICULAR
2024-05-21,3.0,Con heridos,Choque,,,294.0,C02,TRÁNSITO,AUTOMOVIL,PARTICULAR
2024-05-22,5.0,Con heridos,Atropello,,,217.0,C02,TRÁNSITO,AUTOMOVIL,PARTICULAR
2024-05-23,5.0,Con heridos,Choque,,,284.0,C02,TRÁNSITO,AUTOMOVIL,PARTICULAR
2024-05-24,3.0,Con heridos,Choque,,,293.0,C02,TRÁNSITO,AUTOMOVIL,PARTICULAR
2024-05-25,2.0,Con heridos,Atropello,,,275.0,C02,TRÁNSITO,AUTOMOVIL,PARTICULAR
2024-05-26,2.0,Con heridos,Choque,,,215.0,C29,TRÁNSITO,AUTOMOVIL,PARTICULAR
2024-05-27,9.0,Con heridos,Choque,,,298.0,C02,TRÁNSITO,AUTOMOVIL,PARTICULAR
2024-05-28,4.0,Con heridos,Choque,,,282.0,C02,TRÁNSITO,AUTOMOVIL,PARTICULAR
2024-05-29,2.0,Con heridos,Atropello,,,232.0,C02,TRÁNSITO,AUTOMOVIL,PARTICULAR
2024-05-30,4.0,Con heridos,Choque,,,201.0,C02,TRÁNSITO,AUTOMOVIL,PARTICULAR
2024-05-31,4.0,Con heridos,Choque,,,257.0,C02,TRÁNSITO,AUTOMOVIL,PARTICULAR
2024-06-01,8.0,Con heridos,Choque,,,253.0,C02,TRÁNSITO,AUTOMOVIL,PARTICULAR
2024-06-02,5.0,Con heridos,Choque,,,246.0,C29,TRÁNSITO,AUTOMOVIL,PARTICULAR
2024-06-03,2.0,Con heridos,Choque,,,246.0,C29,TRÁNSITO,AUTOMOVIL,PARTICULAR
2024-06-05,7.0,Con heridos,Choque,,,244.0,C02,TRÁNSITO,AUTOMOVIL,PARTICULAR
2024-06-06,7.0,Con heridos,Choque,,,240.0,C02,TRÁNSITO,AUTOMOVIL,PARTICULAR
2024-06-07,3.0,Con heridos,Choque,,,246.0,C02,TRÁNSITO,AUTOMOVIL,PARTICULAR
2024-06-08,5.0,Con heridos,Choque,,,217.0,C02,TRÁNSITO,AUTOMOVIL,PARTICULAR
2024-06-09,2.0,Con heridos,Atropello,,,243.0,C29,TRÁNSITO,AUTOMOVIL,PARTICULAR
2024-06-10,2.0,Con heridos,Atropello,,,250.0,C29,TRÁNSITO,AUTOMOVIL,PARTICULAR
2024-06-11,1.0,Con heridos,Choque,,,292.0,C02,TRÁNSITO,AUTOMOVIL,PARTICULAR
2024-06-12,3.0,Con heridos,Choque,,,299.0,C02,TRÁNSITO,AUTOMOVIL,PARTICULAR
2024-06-13,8.0,Con heridos,Choque,,,266.0,C02,TRÁNSITO,AUTOMOVIL,PARTICULAR
2024-06-14,5.0,Con heridos,Choque,,,289.0,C02,TRÁNSITO,AUTOMOVIL,PARTICULAR
2024-06-15,1.0,Con heridos,Choque,,,250.0,C02,TRÁNSITO,AUTOMOVIL,PARTICULAR
2024-06-16,5.0,Con heridos,Choque,,,204.0,C29,TRÁNSITO,AUTOMOVIL,PARTICULAR
2024-06-17,1.0,Con heridos,Atropello,,,271.0,C02,TRÁNSITO,AUTOMOVIL,PARTICULAR
2024-06-18,5.0,Con heridos,Choque,,,303.0,C02,TRÁNSITO,AUTOMOVIL,PARTICULAR
2024-06-19,3.0,Con heridos,Choque,,,268.0,C02,TRÁNSITO,AUTOMOVIL,PARTICULAR
2024-06-20,5.0,Con heridos,Choque,,,294.0,C02,TRÁNSITO,AUTOMOVIL,PARTICULAR
2024-06-21,5.0,Con heridos,Choque,,,358.0,C02,TRÁNSITO,AUTOMOVIL,PARTICULAR
2024-06-22,7.0,Con heridos,Choque,,,310.0,C02,TRÁNSITO,AUTOMOVIL,PARTICULAR
2024-06-23,2.0,Con heridos,Choque,,,221.0,C29,TRÁNSITO,AUTOMOVIL,PARTICULAR
2024-06-24,4.0,Con heridos,Choque,,,321.0,C02,TRÁNSITO,AUTOMOVIL,PARTICULAR
2024-06-25,6.0,Con heridos,Choque,,,232.0,C02,TRÁNSITO,AUTOMOVIL,PARTICULAR
2024-06-26,5.0,Con heridos,Choque,,,275.0,C02,TRÁNSITO,AUTOMOVIL,PARTICULAR
2024-06-27,2.0,Con heridos,Choque,,,288.0,C02,TRÁNSITO,AUTOMOVIL,PARTICULAR
2024-06-28,2.0,Con heridos,Choque,,,322.0,C02,TRÁNSITO,AUTOMOVIL,PARTICULAR
2024-06-29,6.0,Con heridos,Choque,,,306.0,C02,TRÁNSITO,AUTOMOVIL,PARTICULAR
2024-06-30,4.0,Con heridos,Choque,,,252.0,C29,TRÁNSITO,AUTOMOVIL,PARTICULAR
2024-07-01,2.0,Con heridos,Choque,,,221.0,C29,TRÁNSITO,AUTOMOVIL,PARTICULAR
2024-07-02,3.0,Con heridos,Choque,,,311.0,C02,TRÁNSITO,AUTOMOVIL,PARTICULAR
2024-07-03,4.0,Con heridos,Atropello,,,248.0,C02,TRÁNSITO,AUTOMOVIL,PARTICULAR
2024-07-04,1.0,Con heridos,Choque,,,309.0,C02,TRÁNSITO,AUTOMOVIL,PARTICULAR
2024-07-06,2.0,Con heridos,Atropello,,,293.0,C02,TRÁNSITO,AUTOMOVIL,PARTICULAR
2024-07-07,4.0,Con heridos,Choque,,,214.0,C29,TRÁNSITO,AUTOMOVIL,PARTICULAR
2024-07-08,2.0,Con heridos,Choque,,,293.0,C02,TRÁNSITO,AUTOMOVIL,PARTICULAR
2024-07-09,4.0,Con heridos,Choque,,,288.0,C02,TRÁNSITO,AUTOMOVIL,PARTICULAR
2024-07-10,3.0,Con heridos,Choque,,,291.0,C02,TRÁNSITO,AUTOMOVIL,PARTICULAR
2024-07-11,7.0,Con heridos,Choque,,,273.0,C02,TRÁNSITO,AUTOMOVIL,PARTICULAR
2024-07-12,7.0,Con heridos,Choque,,,274.0,C02,TRÁNSITO,AUTOMOVIL,PARTICULAR
2024-07-13,8.0,Con heridos,Choque,,,247.0,C02,TRÁNSITO,AUTOMOVIL,PARTICULAR
2024-07-14,1.0,Con heridos,Choque,,,256.0,C29,TRÁNSITO,AUTOMOVIL,PARTICULAR
2024-07-15,3.0,Con heridos,Choque,,,273.0,C02,TRÁNSITO,AUTOMOVIL,PARTICULAR
2024-07-16,5.0,Con heridos,Choque,,,234.0,C02,TRÁNSITO,AUTOMOVIL,PARTICULAR
2024-07-17,6.0,Con heridos,Choque,,,220.0,C02,TRÁNSITO,AUTOMOVIL,PARTICULAR
2024-07-18,1.0,Con heridos,Choque,,,256.0,C02,TRÁNSITO,AUTOMOVIL,PARTICULAR
2024-07-19,4.0,Con heridos,Atropello,,,218.0,C02,TRÁNSITO,AUTOMOVIL,PARTICULAR
2024-07-20,4.0,Con heridos,Choque,,,139.0,C29,TRÁNSITO,AUTOMOVIL,PARTICULAR
2024-07-21,7.0,Con heridos,Choque,,,185.0,C29,TRÁNSITO,AUTOMOVIL,PARTICULAR
2024-07-22,5.0,Con heridos,Atropello,,,258.0,C02,TRÁNSITO,AUTOMOVIL,PARTICULAR
2024-07-23,3.0,Con heridos,Choque,,,262.0,C02,TRÁNSITO,AUTOMOVIL,PARTICULAR
2024-07-24,6.0,Con heridos,Choque,,,266.0,C02,TRÁNSITO,AUTOMOVIL,PARTICULAR
2024-07-25,5.0,Con heridos,Choque,,,246.0,C02,TRÁNSITO,AUTOMOVIL,PARTICULAR
2024-07-26,2.0,Con heridos,Choque,,,258.0,C02,TRÁNSITO,AUTOMOVIL,PARTICULAR
2024-07-27,5.0,Con heridos,Choque,,,247.0,C02,TRÁNSITO,AUTOMOVIL,PARTICULAR
2024-07-28,2.0,Con heridos,Choque,,,173.0,C29,TRÁNSITO,AUTOMOVIL,PARTICULAR
2024-07-29,4.0,Con heridos,Choque,,,273.0,C02,TRÁNSITO,AUTOMOVIL,PARTICULAR
2024-07-30,4.0,Con heridos,Choque,,,321.0,C02,TRÁNSITO,AUTOMOVIL,PARTICULAR
2024-07-31,3.0,Con heridos,Choque,,,282.0,C02,TRÁNSITO,AUTOMOVIL,PARTICULAR
2024-08-01,2.0,Con heridos,Atropello,,,253.0,C02,TRÁNSITO,AUTOMOVIL,PARTICULAR
2024-08-02,5.0,Con heridos,Choque,,,246.0,C02,TRÁNSITO,AUTOMOVIL,PARTICULAR
2024-08-03,3.0,Con heridos,Atropello,,,210.0,C02,TRÁNSITO,AUTOMOVIL,PARTICULAR
2024-08-04,3.0,Con heridos,Choque,,,171.0,C29,TRÁNSITO,AUTOMOVIL,PARTICULAR
2024-08-05,2.0,Con heridos,Choque,,,281.0,C02,TRÁNSITO,AUTOMOVIL,PARTICULAR
2024-08-06,3.0,Con heridos,Choque,,,236.0,C02,TRÁNSITO,AUTOMOVIL,PARTICULAR
2024-08-07,3.0,Con heridos,Choque,,,197.0,C29,TRÁNSITO,AUTOMOVIL,PARTICULAR
2024-08-08,1.0,Con heridos,Choque,,,268.0,C02,TRÁNSITO,AUTOMOVIL,PARTICULAR
2024-08-09,4.0,Con heridos,Choque,,,213.0,C02,TRÁNSITO,AUTOMOVIL,PARTICULAR
2024-08-10,2.0,Con heridos,Choque,,,218.0,C02,TRÁNSITO,AUTOMOVIL,PARTICULAR
2024-08-11,3.0,Con heridos,Choque,,,180.0,C29,TRÁNSITO,AUTOMOVIL,PARTICULAR
2024-08-12,2.0,Con heridos,Choque,,,243.0,C02,TRÁNSITO,AUTOMOVIL,PARTICULAR
2024-08-13,3.0,Con heridos,Choque,,,180.0,C02,TRÁNSITO,AUTOMOVIL,PARTICULAR
2024-08-14,4.0,Con heridos,Choque,,,203.0,C02,TRÁNSITO,AUTOMOVIL,PARTICULAR
2024-08-15,4.0,Con heridos,Choque,,,218.0,C02,TRÁNSITO,AUTOMOVIL,PARTICULAR
2024-08-16,1.0,Con heridos,Choque,,,251.0,C02,TRÁNSITO,AUTOMOVIL,PARTICULAR
2024-08-17,1.0,Con heridos,Choque,,,213.0,C02,TRÁNSITO,AUTOMOVIL,PARTICULAR
2024-08-18,4.0,Con heridos,Choque,,,158.0,C29,TRÁNSITO,AUTOMOVIL,PARTICULAR
2024-08-19,4.0,Con heridos,Choque,,,199.0,C29,TRÁNSITO,AUTOMOVIL,PARTICULAR
2024-08-20,5.0,Con heridos,Choque,,,247.0,C02,TRÁNSITO,AUTOMOVIL,PARTICULAR
2024-08-21,3.0,Con heridos,Choque,,,217.0,C02,TRÁNSITO,AUTOMOVIL,PARTICULAR
2024-08-22,5.0,Con heridos,Choque,,,203.0,C02,TRÁNSITO,AUTOMOVIL,PARTICULAR
2024-08-23,2.0,Con heridos,Choque,,,225.0,C02,TRÁNSITO,AUTOMOVIL,PARTICULAR
2024-08-24,4.0,Con heridos,Choque,,,180.0,C02,TRÁNSITO,AUTOMOVIL,PARTICULAR
2024-08-25,5.0,Con heridos,Choque,,,115.0,C29,TRÁNSITO,AUTOMOVIL,PARTICULAR
2024-08-26,3.0,Con heridos,Choque,,,172.0,C02,TRÁNSITO,AUTOMOVIL,PARTICULAR
2024-08-27,7.0,Con heridos,Choque,,,200.0,C02,TRÁNSITO,AUTOMOVIL,PARTICULAR
2024-08-28,6.0,Con heridos,Choque,,,237.0,C02,TRÁNSITO,AUTOMOVIL,PARTICULAR
2024-08-29,4.0,Con heridos,Choque,,,232.0,C02,TRÁNSITO,AUTOMOVIL,PARTICULAR
2024-08-30,3.0,Con heridos,Choque,,,224.0,C02,TRÁNSITO,AUTOMOVIL,PARTICULAR
2024-08-31,4.0,Con heridos,Choque,,,182.0,C02,TRÁNSITO,AUTOMOVIL,PARTICULAR
2024-09-01,4.0,Con heridos,Choque,,,173.0,C29,TRÁNSITO,AUTOMOVIL,PARTICULAR
2024-09-02,4.0,Con heridos,Choque,,,232.0,C02,TRÁNSITO,AUTOMOVIL,PARTICULAR
2024-09-03,2.0,Con heridos,Choque,,,145.0,C02,TRÁNSITO,AUTOMOVIL,PARTICULAR
2024-09-04,4.0,Con heridos,Choque,,,206.0,C02,TRÁNSITO,AUTOMOVIL,PARTICULAR
2024-09-05,6.0,Con heridos,Choque,,,200.0,C02,TRÁNSITO,AUTOMOVIL,PARTICULAR
2024-09-06,6.0,Con heridos,Choque,,,236.0,C02,TRÁNSITO,AUTOMOVIL,PARTICULAR
2024-09-07,8.0,Con heridos,Choque,,,212.0,C02,TRÁNSITO,AUTOMOVIL,PARTICULAR
2024-09-08,10.0,Con heridos,Choque,,,171.0,C29,TRÁNSITO,AUTOMOVIL,PARTICULAR
2024-09-09,6.0,Con heridos,Choque,,,286.0,C02,TRÁNSITO,AUTOMOVIL,PARTICULAR
2024-09-10,4.0,Con heridos,Choque,,,265.0,C29,TRÁNSITO,AUTOMOVIL,PARTICULAR
2024-09-11,4.0,Con heridos,Choque,,,301.0,C02,TRÁNSITO,AUTOMOVIL,PARTICULAR
2024-09-12,3.0,Con heridos,Atropello,,,229.0,C02,TRÁNSITO,AUTOMOVIL,PARTICULAR
2024-09-13,6.0,Con heridos,Choque,,,267.0,C02,TRÁNSITO,AUTOMOVIL,PARTICULAR
2024-09-14,4.0,Con heridos,Choque,,,258.0,C02,TRÁNSITO,AUTOMOVIL,PARTICULAR
2024-09-15,3.0,Con heridos,Choque,,,214.0,C29,TRÁNSITO,AUTOMOVIL,PARTICULAR
2024-09-16,4.0,Con heridos,Choque,,,248.0,C02,TRÁNSITO,AUTOMOVIL,PARTICULAR
2024-09-17,2.0,Con heridos,Choque,,,211.0,C02,TRÁNSITO,AUTOMOVIL,PARTICULAR
2024-09-18,6.0,Con heridos,Choque,,,252.0,C02,TRÁNSITO,AUTOMOVIL,PARTICULAR
2024-09-19,1.0,Con heridos,Choque,,,235.0,C02,TRÁNSITO,AUTOMOVIL,PARTICULAR
2024-09-20,7.0,Con heridos,Choque,,,250.0,C02,TRÁNSITO,AUTOMOVIL,PARTICULAR
2024-09-21,6.0,Con heridos,Choque,,,213.0,C02,TRÁNSITO,AUTOMOVIL,PARTICULAR
2024-09-23,9.0,Con heridos,Choque,,,239.0,C02,TRÁNSITO,AUTOMOVIL,PARTICULAR
2024-09-24,2.0,Con heridos,Atropello,,,262.0,C02,TRÁNSITO,AUTOMOVIL,PARTICULAR
2024-09-25,1.0,Con heridos,Choque,,,541.0,C02,TRÁNSITO,AUTOMOVIL,PARTICULAR
2024-09-26,3.0,Con heridos,Choque,,,582.0,C02,TRÁNSITO,AUTOMOVIL,PARTICULAR
2024-09-27,4.0,Con heridos,Atropello,,,353.0,C02,TRÁNSITO,AUTOMOVIL,PARTICULAR
2024-09-28,2.0,Con heridos,Choque,,,226.0,C02,TRÁNSITO,AUTOMOVIL,PARTICULAR
2024-09-29,3.0,Con heridos,Choque,,,146.0,C29,TRÁNSITO,AUTOMOVIL,PARTICULAR
2024-09-30,2.0,Con heridos,Caida Ocupante,,,268.0,C02,TRÁNSITO,AUTOMOVIL,PARTICULAR
2024-10-01,7.0,Con heridos,Choque,,,247.0,C02,TRÁNSITO,AUTOMOVIL,PARTICULAR
2024-10-02,7.0,Con heridos,Choque,,,262.0,C02,TRÁNSITO,AUTOMOVIL,PARTICULAR
2024-10-03,3.0,Con heridos,Atropello,,,282.0,C02,TRÁNSITO,AUTOMOVIL,PARTICULAR
2024-10-04,2.0,Con heridos,Choque,,,268.0,C02,TRÁNSITO,AUTOMOVIL,PARTICULAR
2024-10-05,5.0,Con heridos,Choque,,,234.0,C02,TRÁNSITO,AUTOMOVIL,PARTICULAR
2024-10-06,5.0,Con heridos,Choque,,,143.0,C29,TRÁNSITO,AUTOMOVIL,PARTICULAR
2024-10-07,6.0,Con heridos,Choque,,,223.0,C02,TRÁNSITO,AUTOMOVIL,PARTICULAR
2024-10-08,5.0,Con heridos,Choque,,,271.0,C02,TRÁNSITO,AUTOMOVIL,PARTICULAR
2024-10-09,3.0,Con heridos,Choque,,,205.0,C02,TRÁNSITO,AUTOMOVIL,PARTICULAR
2024-10-10,5.0,Con heridos,Choque,,,188.0,C02,TRÁNSITO,AUTOMOVIL,PARTICULAR
2024-10-11,4.0,Con heridos,Choque,,,297.0,C02,TRÁNSITO,AUTOMOVIL,PARTICULAR
2024-10-12,2.0,Con heridos,Choque,,,217.0,C02,TRÁNSITO,AUTOMOVIL,PARTICULAR
2024-10-13,4.0,Con heridos,Choque,,,149.0,C29,TRÁNSITO,AUTOMOVIL,PARTICULAR
2024-10-14,6.0,Con heridos,Choque,,,150.0,C29,TRÁNSITO,AUTOMOVIL,PARTICULAR
2024-10-15,2.0,Con heridos,Choque,,,213.0,C02,TRÁNSITO,AUTOMOVIL,PARTICULAR
2024-10-16,6.0,Con heridos,Choque,,,318.0,C02,TRÁNSITO,AUTOMOVIL,PARTICULAR
2024-10-17,3.0,Con heridos,Choque,,,351.0,C02,TRÁNSITO,AUTOMOVIL,PARTICULAR
2024-10-18,1.0,Con muertos,Choque,,,289.0,C02,TRÁNSITO,AUTOMOVIL,PARTICULAR
2024-10-19,5.0,Con heridos,Choque,,,225.0,C02,TRÁNSITO,AUTOMOVIL,PARTICULAR
2024-10-20,3.0,Con heridos,Choque,,,124.0,C29,TRÁNSITO,AUTOMOVIL,PARTICULAR
2024-10-21,5.0,Con heridos,Choque,,,225.0,C02,TRÁNSITO,AUTOMOVIL,PARTICULAR
2024-10-22,5.0,Con heridos,Choque,,,182.0,C29,TRÁNSITO,AUTOMOVIL,PARTICULAR
2024-10-23,5.0,Con heridos,Atropello,,,244.0,C02,TRÁNSITO,AUTOMOVIL,PARTICULAR
2024-10-24,2.0,Con heridos,Atropello,,,245.0,C02,TRÁNSITO,AUTOMOVIL,PARTICULAR
2024-10-25,5.0,Con heridos,Choque,,,275.0,C02,TRÁNSITO,AUTOMOVIL,PARTICULAR
2024-10-26,4.0,Con heridos,Atropello,,,209.0,C02,TRÁNSITO,AUTOMOVIL,PARTICULAR
2024-10-27,4.0,Con heridos,Choque,,,162.0,C29,TRÁNSITO,AUTOMOVIL,PARTICULAR
2024-10-28,2.0,Con heridos,Choque,,,258.0,C02,TRÁNSITO,AUTOMOVIL,PARTICULAR
2024-10-29,5.0,Con heridos,Choque,,,268.0,C02,TRÁNSITO,AUTOMOVIL,PARTICULAR
2024-10-30,6.0,Con heridos,Choque,,,291.0,C02,TRÁNSITO,AUTOMOVIL,PARTICULAR
2024-10-31,6.0,Con heridos,Choque,,,294.0,C02,TRÁNSITO,AUTOMOVIL,PARTICULAR
2024-11-01,3.0,Con heridos,Choque,,,208.0,C02,TRÁNSITO,AUTOMOVIL,PARTICULAR
2024-11-02,4.0,Con heridos,Choque,,,230.0,C02,TRÁNSITO,AUTOMOVIL,PARTICULAR
2024-11-03,3.0,Con heridos,Choque,,,96.0,C29,TRÁNSITO,AUTOMOVIL,PARTICULAR
2024-11-04,5.0,Con heridos,Choque,,,133.0,C29,TRÁNSITO,AUTOMOVIL,PARTICULAR
2024-11-05,5.0,Con heridos,Choque,,,230.0,C02,TRÁNSITO,AUTOMOVIL,PARTICULAR
2024-11-06,8.0,Con heridos,Choque,,,157.0,C02,TRÁNSITO,AUTOMOVIL,PARTICULAR
2024-11-07,3.0,Con heridos,Choque,,,82.0,C29,TRÁNSITO,AUTOMOVIL,PARTICULAR
2024-11-08,4.0,Con heridos,Choque,,,241.0,C02,TRÁNSITO,AUTOMOVIL,PARTICULAR
2024-11-09,2.0,Con heridos,Atropello,,,161.0,C02,TRÁNSITO,AUTOMOVIL,PARTICULAR
2024-11-10,3.0,Con heridos,Choque,,,136.0,C29,TRÁNSITO,AUTOMOVIL,PARTICULAR
2024-11-11,3.0,Con heridos,Choque,,,123.0,C29,TRÁNSITO,AUTOMOVIL,PARTICULAR
2024-11-12,4.0,Con heridos,Choque,,,199.0,C02,TRÁNSITO,AUTOMOVIL,PARTICULAR
2024-11-13,1.0,Con muertos,Atropello,,,250.0,C02,TRÁNSITO,AUTOMOVIL,PARTICULAR
2024-11-14,3.0,Con heridos,Choque,,,216.0,C02,TRÁNSITO,AUTOMOVIL,PARTICULAR
2024-11-15,5.0,Con heridos,Choque,,,223.0,C02,TRÁNSITO,AUTOMOVIL,PARTICULAR
2024-11-16,6.0,Con heridos,Choque,,,241.0,C02,TRÁNSITO,AUTOMOVIL,PARTICULAR
2024-11-17,4.0,Con heridos,Choque,,,158.0,C29,TRÁNSITO,AUTOMOVIL,PARTICULAR
2024-11-18,4.0,Con heridos,Choque,,,201.0,C02,TRÁNSITO,AUTOMOVIL,PARTICULAR
2024-11-19,5.0,Con heridos,Choque,,,174.0,C02,TRÁNSITO,AUTOMOVIL,PARTICULAR
2024-11-20,6.0,Con heridos,Choque,,,50.0,C29,TRÁNSITO,AUTOMOVIL,PARTICULAR
2024-11-21,4.0,Con heridos,Choque,,,140.0,C02,TRÁNSITO,AUTOMOVIL,PARTICULAR
2024-11-22,4.0,Con heridos,Choque,,,180.0,C02,TRÁNSITO,AUTOMOVIL,PARTICULAR
2024-11-23,7.0,Con heridos,Choque,,,177.0,C02,TRÁNSITO,AUTOMOVIL,PARTICULAR
2024-11-24,5.0,Con heridos,Choque,,,145.0,C29,TRÁNSITO,AUTOMOVIL,PARTICULAR
2024-11-25,4.0,Con heridos,Choque,,,228.0,C02,TRÁNSITO,AUTOMOVIL,PARTICULAR
2024-11-26,5.0,Con heridos,Choque,,,241.0,C02,TRÁNSITO,AUTOMOVIL,PARTICULAR
2024-11-27,5.0,Con heridos,Choque,,,213.0,C02,TRÁNSITO,AUTOMOVIL,PARTICULAR
2024-11-28,4.0,Con heridos,Choque,,,230.0,C02,TRÁNSITO,AUTOMOVIL,PARTICULAR
2024-11-29,3.0,Con heridos,Choque,,,255.0,C02,TRÁNSITO,AUTOMOVIL,PARTICULAR
2024-11-30,5.0,Con heridos,Choque,,,205.0,C02,TRÁNSITO,AUTOMOVIL,PARTICULAR
2024-12-01,6.0,Con heridos,Choque,,,82.0,C29,TRÁNSITO,AUTOMOVIL,PARTICULAR
2024-12-02,6.0,Con heridos,Choque,,,187.0,C02,TRÁNSITO,AUTOMOVIL,PARTICULAR
2024-12-03,5.0,Con heridos,Choque,,,159.0,C02,TRÁNSITO,AUTOMOVIL,PARTICULAR
2024-12-04,5.0,Con heridos,Choque,,,191.0,C02,TRÁNSITO,AUTOMOVIL,PARTICULAR
2024-12-05,7.0,Con heridos,Choque,,,197.0,C02,TRÁNSITO,AUTOMOVIL,PARTICULAR
2024-12-06,4.0,Con heridos,Choque,,,207.0,C02,TRÁNSITO,AUTOMOVIL,PARTICULAR
2024-12-07,3.0,Con heridos,Choque,,,194.0,C02,TRÁNSITO,AUTOMOVIL,PARTICULAR
2024-12-08,5.0,Con heridos,Choque,,,138.0,C29,TRÁNSITO,AUTOMOVIL,PARTICULAR
2024-12-09,5.0,Con heridos,Choque,,,201.0,C02,TRÁNSITO,AUTOMOVIL,PARTICULAR
2024-12-10,5.0,Con heridos,Atropello,,,182.0,C02,TRÁNSITO,AUTOMOVIL,PARTICULAR
2024-12-11,3.0,Con heridos,Choque,,,208.0,C02,TRÁNSITO,AUTOMOVIL,PARTICULAR
2024-12-12,6.0,Con heridos,Choque,,,210.0,C02,TRÁNSITO,AUTOMOVIL,PARTICULAR
2024-12-13,10.0,Con heridos,Choque,,,190.0,C02,TRÁNSITO,AUTOMOVIL,PARTICULAR
2024-12-14,2.0,Con heridos,Choque,,,186.0,C02,TRÁNSITO,AUTOMOVIL,PARTICULAR
2024-12-15,8.0,Con heridos,Choque,,,88.0,C29,TRÁNSITO,AUTOMOVIL,PARTICULAR
2024-12-16,4.0,Con heridos,Choque,,,215.0,C02,TRÁNSITO,AUTOMOVIL,PARTICULAR
2024-12-17,1.0,Con heridos,Choque,,,211.0,C02,TRÁNSITO,AUTOMOVIL,PARTICULAR
2024-12-18,5.0,Con heridos,Choque,,,260.0,C02,TRÁNSITO,AUTOMOVIL,PARTICULAR
2024-12-19,3.0,Con heridos,Choque,,,183.0,C02,TRÁNSITO,AUTOMOVIL,PARTICULAR
2024-12-20,1.0,Con heridos,Choque,,,186.0,C02,TRÁNSITO,AUTOMOVIL,PARTICULAR
2024-12-21,2.0,Con heridos,Choque,,,183.0,C02,TRÁNSITO,AUTOMOVIL,PARTICULAR
2024-12-22,5.0,Con heridos,Choque,,,115.0,C29,TRÁNSITO,AUTOMOVIL,PARTICULAR
2024-12-23,4.0,Con heridos,Choque,,,195.0,C02,TRÁNSITO,AUTOMOVIL,PARTICULAR
2024-12-24,3.0,Con heridos,Choque,,,127.0,C02,TRÁNSITO,AUTOMOVIL,PARTICULAR
2024-12-25,3.0,Con heridos,Choque,,,76.0,C29,TRÁNSITO,AUTOMOVIL,PARTICULAR
2024-12-26,7.0,Con heridos,Choque,,,200.0,C02,TRÁNSITO,AUTOMOVIL,PARTICULAR
2024-12-27,6.0,Con heridos,Choque,,,161.0,C02,TRÁNSITO,AUTOMOVIL,PARTICULAR
2024-12-28,2.0,Con heridos,Choque,,,158.0,C02,TRÁNSITO,AUTOMOVIL,PARTICULAR
2024-12-30,5.0,Con heridos,Choque,,,172.0,C02,TRÁNSITO,AUTOMOVIL,PARTICULAR
2024-12-31,2.0,Con heridos,Choque,,,126.0,C29,TRÁNSITO,AUTOMOVIL,PARTICULAR
2025-01-01,6.0,Con heridos,Choque,,,143.0,C29,TRÁNSITO,AUTOMOVIL,PARTICULAR
2025-01-02,5.0,Con heridos,Choque,,,148.0,C02,TRÁNSITO,AUTOMOVIL,PARTICULAR
2025-01-03,3.0,Con heridos,Choque,,,144.0,C02,TRÁNSITO,AUTOMOVIL,PARTICULAR
2025-01-04,1.0,Con heridos,Choque,,,137.0,C02,TRÁNSITO,AUTOMOVIL,PARTICULAR
2025-01-05,3.0,Con heridos,Choque,,,80.0,C29,TRÁNSITO,AUTOMOVIL,PARTICULAR
2025-01-06,4.0,Con heridos,Choque,,,103.0,C29,TRÁNSITO,AUTOMOVIL,PARTICULAR
2025-01-08,1.0,Con heridos,Choque,,,168.0,C02,TRÁNSITO,AUTOMOVIL,PARTICULAR
2025-01-09,1.0,Con heridos,Choque,,,176.0,C02,TRÁNSITO,AUTOMOVIL,PARTICULAR
2025-01-10,2.0,Con heridos,Choque,,,181.0,C02,TRÁNSITO,AUTOMOVIL,PARTICULAR
2025-01-11,4.0,Con heridos,Choque,,,184.0,C02,TRÁNSITO,AUTOMOVIL,PARTICULAR
2025-01-12,5.0,Con heridos,Choque,,,138.0,C29,TRÁNSITO,AUTOMOVIL,PARTICULAR
2025-01-13,4.0,Con heridos,Choque,,,269.0,C02,TRÁNSITO,AUTOMOVIL,PARTICULAR
2025-01-14,4.0,Con heridos,Choque,,,254.0,C02,TRÁNSITO,AUTOMOVIL,PARTICULAR
2025-01-15,2.0,Con heridos,Atropello,,,196.0,C02,TRÁNSITO,AUTOMOVIL,PARTICULAR
2025-01-16,5.0,Con heridos,Choque,,,199.0,C02,TRÁNSITO,AUTOMOVIL,PARTICULAR
2025-01-17,6.0,Con heridos,Choque,,,235.0,C02,TRÁNSITO,AUTOMOVIL,PARTICULAR
2025-01-18,6.0,Con heridos,Choque,,,161.0,C02,TRÁNSITO,AUTOMOVIL,PARTICULAR
2025-01-19,4.0,Con heridos,Choque,,,97.0,C29,TRÁNSITO,AUTOMOVIL,PARTICULAR
2025-01-20,4.0,Con heridos,Choque,,,205.0,C02,TRÁNSITO,AUTOMOVIL,PARTICULAR
2025-01-21,1.0,Con heridos,Choque,,,188.0,C02,TRÁNSITO,AUTOMOVIL,PARTICULAR
2025-01-22,3.0,Con heridos,Choque,,,204.0,C02,TRÁNSITO,AUTOMOVIL,PARTICULAR
2025-01-23,4.0,Con heridos,Choque,,,201.0,C02,TRÁNSITO,AUTOMOVIL,PARTICULAR
2025-01-24,5.0,Con heridos,Choque,,,194.0,C02,TRÁNSITO,AUTOMOVIL,PARTICULAR
2025-01-25,6.0,Con heridos,Choque,,,168.0,C02,TRÁNSITO,AUTOMOVIL,PARTICULAR
2025-01-26,2.0,Con heridos,Atropello,,,107.0,C29,TRÁNSITO,AUTOMOVIL,PARTICULAR
2025-01-27,1.0,Con heridos,Choque,,,200.0,C02,TRÁNSITO,AUTOMOVIL,PARTICULAR
2025-01-28,5.0,Con heridos,Choque,,,228.0,C02,TRÁNSITO,AUTOMOVIL,PARTICULAR
2025-01-29,4.0,Con heridos,Choque,,,169.0,C02,TRÁNSITO,AUTOMOVIL,PARTICULAR
2025-01-30,5.0,Con heridos,Choque,,,69.0,C29,TRÁNSITO,AUTOMOVIL,PARTICULAR
2025-01-31,4.0,Con heridos,Choque,,,159.0,C02,TRÁNSITO,AUTOMOVIL,PARTICULAR
2025-02-01,7.0,Con heridos,Choque,,,137.0,C02,TRÁNSITO,AUTOMOVIL,PARTICULAR
2025-02-02,3.0,Con heridos,Choque,,,97.0,C29,TRÁNSITO,AUTOMOVIL,PARTICULAR
2025-02-03,7.0,Con heridos,Choque,,,120.0,C02,TRÁNSITO,AUTOMOVIL,PARTICULAR
2025-02-04,1.0,Con heridos,Choque,,,161.0,C02,TRÁNSITO,AUTOMOVIL,PARTICULAR
2025-02-06,2.0,Con heridos,Choque,,,247.0,C02,TRÁNSITO,AUTOMOVIL,PARTICULAR
2025-02-07,2.0,Con heridos,Choque,,,257.0,C02,TRÁNSITO,AUTOMOVIL,PARTICULAR
2025-02-08,1.0,Con heridos,Choque,,,213.0,C02,TRÁNSITO,AUTOMOVIL,PARTICULAR
2025-02-09,6.0,Con heridos,Choque,,,91.0,C29,TRÁNSITO,AUTOMOVIL,PARTICULAR
2025-02-10,5.0,Con heridos,Choque,,,204.0,C02,TRÁNSITO,AUTOMOVIL,PARTICULAR
2025-02-11,2.0,Con heridos,Choque,,,187.0,C02,TRÁNSITO,AUTOMOVIL,PARTICULAR
2025-02-12,2.0,Con heridos,Choque,,,179.0,C02,TRÁNSITO,AUTOMOVIL,PARTICULAR
2025-02-13,7.0,Con heridos,Choque,,,184.0,C02,TRÁNSITO,AUTOMOVIL,PARTICULAR
2025-02-14,3.0,Con heridos,Choque,,,201.0,C02,TRÁNSITO,AUTOMOVIL,PARTICULAR
2025-02-15,2.0,Con heridos,Choque,,,197.0,C02,TRÁNSITO,AUTOMOVIL,PARTICULAR
2025-02-16,6.0,Con heridos,Choque,,,90.0,C29,TRÁNSITO,AUTOMOVIL,PARTICULAR
2025-02-17,7.0,Con heridos,Choque,,,199.0,C02,TRÁNSITO,AUTOMOVIL,PARTICULAR
2025-02-18,4.0,Con heridos,Choque,,,191.0,C02,TRÁNSITO,AUTOMOVIL,PARTICULAR
2025-02-19,6.0,Con heridos,Choque,,,177.0,C02,TRÁNSITO,AUTOMOVIL,PARTICULAR
2025-02-20,5.0,Con heridos,Choque,,,152.0,C02,TRÁNSITO,AUTOMOVIL,PARTICULAR
2025-02-21,6.0,Con heridos,Choque,,,145.0,C02,TRÁNSITO,AUTOMOVIL,PARTICULAR
2025-02-22,7.0,Con heridos,Choque,,,168.0,C02,TRÁNSITO,AUTOMOVIL,PARTICULAR
2025-02-23,5.0,Con heridos,Choque,,,91.0,C29,TRÁNSITO,AUTOMOVIL,PARTICULAR
2025-02-24,5.0,Con heridos,Choque,,,157.0,C02,TRÁNSITO,AUTOMOVIL,PARTICULAR
2025-02-25,5.0,Con heridos,Choque,,,193.0,C02,TRÁNSITO,AUTOMOVIL,PARTICULAR
2025-02-26,6.0,Con heridos,Choque,,,213.0,C02,TRÁNSITO,AUTOMOVIL,PARTICULAR
2025-02-27,4.0,Con heridos,Choque,,,185.0,C02,TRÁNSITO,AUTOMOVIL,PARTICULAR
2025-02-28,1.0,Con heridos,Choque,,,186.0,C02,TRÁNSITO,AUTOMOVIL,PARTICULAR
2025-03-01,7.0,Con heridos,Choque,,,92.0,C29,TRÁNSITO,AUTOMOVIL,PARTICULAR
2025-03-02,4.0,Con heridos,Choque,,,112.0,C29,TRÁNSITO,AUTOMOVIL,PARTICULAR
2025-03-03,2.0,Con heridos,Atropello,,,114.0,C29,TRÁNSITO,AUTOMOVIL,PARTICULAR
2025-03-04,2.0,Con heridos,Choque,,,105.0,C29,TRÁNSITO,AUTOMOVIL,PARTICULAR
2025-03-05,6.0,Con heridos,Choque,,,157.0,C02,TRÁNSITO,AUTOMOVIL,PARTICULAR
2025-03-06,2.0,Con heridos,Choque,,,199.0,C02,TRÁNSITO,AUTOMOVIL,PARTICULAR
2025-03-07,2.0,Con heridos,Choque,,,190.0,C02,TRÁNSITO,AUTOMOVIL,PARTICULAR
2025-03-08,6.0,Con heridos,Choque,,,171.0,C02,TRÁNSITO,AUTOMOVIL,PARTICULAR
2025-03-09,3.0,Con heridos,Choque,,,103.0,C29,TRÁNSITO,AUTOMOVIL,PARTICULAR
2025-03-10,5.0,Con heridos,Choque,,,198.0,C02,TRÁNSITO,AUTOMOVIL,PARTICULAR
2025-03-11,4.0,Con heridos,Choque,,,189.0,C02,TRÁNSITO,AUTOMOVIL,PARTICULAR
2025-03-12,5.0,Con heridos,Choque,,,180.0,C02,TRÁNSITO,AUTOMOVIL,PARTICULAR
2025-03-13,3.0,Con heridos,Choque,,,170.0,C02,TRÁNSITO,AUTOMOVIL,PARTICULAR
2025-03-14,4.0,Con heridos,Choque,,,190.0,C02,TRÁNSITO,AUTOMOVIL,PARTICULAR
2025-03-15,6.0,Con heridos,Choque,,,178.0,C02,TRÁNSITO,AUTOMOVIL,PARTICULAR
2025-03-16,8.0,Con heridos,Choque,,,68.0,C29,TRÁNSITO,AUTOMOVIL,PARTICULAR
2025-03-17,4.0,Con heridos,Choque,,,181.0,C02,TRÁNSITO,AUTOMOVIL,PARTICULAR
2025-03-18,4.0,Con heridos,Choque,,,188.0,C02,TRÁNSITO,AUTOMOVIL,PARTICULAR
2025-03-20,5.0,Con heridos,Choque,,,223.0,C02,TRÁNSITO,AUTOMOVIL,PARTICULAR
2025-03-21,3.0,Con heridos,Choque,,,225.0,C02,TRÁNSITO,AUTOMOVIL,PARTICULAR
2025-03-22,6.0,Con heridos,Choque,,,198.0,C02,TRÁNSITO,AUTOMOVIL,PARTICULAR
2025-03-23,2.0,Con heridos,Atropello,,,107.0,C29,TRÁNSITO,AUTOMOVIL,PARTICULAR
2025-03-24,2.0,Con heridos,Atropello,,,90.0,C29,TRÁNSITO,AUTOMOVIL,PARTICULAR
2025-03-25,6.0,Con heridos,Choque,,,214.0,C02,TRÁNSITO,AUTOMOVIL,PARTICULAR
2025-03-26,5.0,Con heridos,Choque,,,185.0,C02,TRÁNSITO,AUTOMOVIL,PARTICULAR
2025-03-27,2.0,Con heridos,Choque,,,201.0,C02,TRÁNSITO,AUTOMOVIL,PARTICULAR
2025-03-28,6.0,Con heridos,Choque,,,204.0,C02,TRÁNSITO,AUTOMOVIL,PARTICULAR
2025-03-29,6.0,Con heridos,Choque,,,197.0,C02,TRÁNSITO,AUTOMOVIL,PARTICULAR
2025-03-30,1.0,Con heridos,Choque,,,77.0,C29,TRÁNSITO,AUTOMOVIL,PARTICULAR
2025-03-31,4.0,Con heridos,Choque,,,197.0,C02,TRÁNSITO,AUTOMOVIL,PARTICULAR
2025-04-01,5.0,Con heridos,Choque,,,174.0,C02,TRÁNSITO,AUTOMOVIL,PARTICULAR
2025-04-02,7.0,Con heridos,Choque,,,209.0,C02,TRÁNSITO,AUTOMOVIL,PARTICULAR
2025-04-03,6.0,Con heridos,Choque,,,185.0,C02,TRÁNSITO,AUTOMOVIL,PARTICULAR
2025-04-04,3.0,Con heridos,Choque,,,175.0,C02,TRÁNSITO,AUTOMOVIL,PARTICULAR
2025-04-05,5.0,Con heridos,Choque,,,172.0,C02,TRÁNSITO,AUTOMOVIL,PARTICULAR
2025-04-06,4.0,Con heridos,Choque,,,98.0,C29,TRÁNSITO,AUTOMOVIL,PARTICULAR
2025-04-07,3.0,Con heridos,Choque,,,271.0,C02,TRÁNSITO,AUTOMOVIL,PARTICULAR
2025-04-08,3.0,Con heridos,Choque,,,303.0,C02,TRÁNSITO,AUTOMOVIL,PARTICULAR
2025-04-09,3.0,Con heridos,Choque,,,254.0,C02,TRÁNSITO,AUTOMOVIL,PARTICULAR
2025-04-10,10.0,Con heridos,Choque,,,199.0,C02,TRÁNSITO,AUTOMOVIL,PARTICULAR
2025-04-11,3.0,Con heridos,Choque,,,186.0,C02,TRÁNSITO,AUTOMOVIL,PARTICULAR
2025-04-12,1.0,Con heridos,Choque,,,119.0,C02,TRÁNSITO,AUTOMOVIL,PARTICULAR
2025-04-13,5.0,Con heridos,Choque,,,26.0,C29,TRÁNSITO,AUTOMOVIL,PARTICULAR
2025-04-14,5.0,Con heridos,Choque,,,148.0,C29,TRÁNSITO,AUTOMOVIL,PARTICULAR
2025-04-15,5.0,Con heridos,Choque,,,183.0,C02,TRÁNSITO,AUTOMOVIL,PARTICULAR
2025-04-16,3.0,Con heridos,Choque,,,184.0,C02,TRÁNSITO,AUTOMOVIL,PARTICULAR
2025-04-17,1.0,Con heridos,Choque,,,95.0,C29,TRÁNSITO,AUTOMOVIL,PARTICULAR
2025-04-18,6.0,Con heridos,Choque,,,120.0,C29,TRÁNSITO,AUTOMOVIL,PARTICULAR
2025-04-19,1.0,Con heridos,Choque,,,86.0,C29,TRÁNSITO,AUTOMOVIL,PARTICULAR
2025-04-20,5.0,Con heridos,Choque,,,112.0,C29,TRÁNSITO,AUTOMOVIL,PARTICULAR
2025-04-21,4.0,Con heridos,Choque,,,200.0,C02,TRÁNSITO,AUTOMOVIL,PARTICULAR
2025-04-22,3.0,Con heridos,Choque,,,218.0,C02,TRÁNSITO,AUTOMOVIL,PARTICULAR
2025-04-23,3.0,Con heridos,Choque,,,213.0,C02,TRÁNSITO,AUTOMOVIL,PARTICULAR
2025-04-24,1.0,Con heridos,Choque,,,269.0,C02,TRÁNSITO,AUTOMOVIL,PARTICULAR
2025-04-25,3.0,Con heridos,Choque,,,275.0,C02,TRÁNSITO,AUTOMOVIL,PARTICULAR
2025-04-26,4.0,Con heridos,Choque,,,199.0,C02,TRÁNSITO,AUTOMOVIL,PARTICULAR
2025-04-27,3.0,Con heridos,Choque,,,109.0,C29,TRÁNSITO,AUTOMOVIL,PARTICULAR
2025-04-28,3.0,Con heridos,Choque,,,257.0,C02,TRÁNSITO,AUTOMOVIL,PARTICULAR
2025-04-29,2.0,Con heridos,Choque,,,219.0,C02,TRÁNSITO,AUTOMOVIL,PARTICULAR
2025-04-30,2.0,Con heridos,Choque,,,263.0,C02,TRÁNSITO,AUTOMOVIL,PARTICULAR
2025-05-01,7.0,Con heridos,Choque,,,98.0,C29,TRÁNSITO,AUTOMOVIL,PARTICULAR
2025-05-02,1.0,Con heridos,Choque,,,171.0,C02,TRÁNSITO,AUTOMOVIL,PARTICULAR
2025-05-03,3.0,Con heridos,Choque,,,205.0,C02,TRÁNSITO,AUTOMOVIL,PARTICULAR
2025-05-04,3.0,Con heridos,Choque,,,115.0,C29,TRÁNSITO,AUTOMOVIL,PARTICULAR
2025-05-05,3.0,Con heridos,Choque,,,207.0,C02,TRÁNSITO,AUTOMOVIL,PARTICULAR
2025-05-06,4.0,Con heridos,Choque,,,201.0,C02,TRÁNSITO,AUTOMOVIL,PARTICULAR
2025-05-07,1.0,Con heridos,Choque,,,169.0,C02,TRÁNSITO,AUTOMOVIL,PARTICULAR
2025-05-08,4.0,Con heridos,Choque,,,54.0,C29,TRÁNSITO,AUTOMOVIL,PARTICULAR
2025-05-09,5.0,Con heridos,Choque,,,183.0,C02,TRÁNSITO,AUTOMOVIL,PARTICULAR
2025-05-10,6.0,Con heridos,Choque,,,187.0,C02,TRÁNSITO,AUTOMOVIL,PARTICULAR
2025-05-11,4.0,Con heridos,Choque,,,129.0,C29,TRÁNSITO,AUTOMOVIL,PARTICULAR
2025-05-13,8.0,Con heridos,Choque,,,210.0,C02,TRÁNSITO,AUTOMOVIL,PARTICULAR
2025-05-14,4.0,Con heridos,Choque,,,198.0,C02,TRÁNSITO,AUTOMOVIL,PARTICULAR
2025-05-15,3.0,Con heridos,Choque,,,134.0,C02,TRÁNSITO,AUTOMOVIL,PARTICULAR
2025-05-16,5.0,Con heridos,Choque,,,178.0,C02,TRÁNSITO,AUTOMOVIL,PARTICULAR
2025-05-17,3.0,Con heridos,Choque,,,202.0,C02,TRÁNSITO,AUTOMOVIL,PARTICULAR
2025-05-18,3.0,Con heridos,Choque,,,87.0,C29,TRÁNSITO,AUTOMOVIL,PARTICULAR
2025-05-19,2.0,Con heridos,Choque,,,168.0,C02,TRÁNSITO,AUTOMOVIL,PARTICULAR
2025-05-20,2.0,Con heridos,Choque,,,136.0,C02,TRÁNSITO,AUTOMOVIL,PARTICULAR
2025-05-21,5.0,Con heridos,Choque,,,149.0,C02,TRÁNSITO,AUTOMOVIL,PARTICULAR
2025-05-22,5.0,Con heridos,Choque,,,149.0,C02,TRÁNSITO,AUTOMOVIL,PARTICULAR
2025-05-23,4.0,Con heridos,Choque,,,151.0,C02,TRÁNSITO,AUTOMOVIL,PARTICULAR
2025-05-24,5.0,Con heridos,Choque,,,145.0,C02,TRÁNSITO,AUTOMOVIL,PARTICULAR
2025-05-25,3.0,Con heridos,Choque,,,94.0,C29,TRÁNSITO,AUTOMOVIL,PARTICULAR
2025-05-26,5.0,Con heridos,Choque,,,158.0,C02,TRÁNSITO,AUTOMOVIL,PARTICULAR
2025-05-27,1.0,Con heridos,Choque,,,150.0,C02,TRÁNSITO,AUTOMOVIL,PARTICULAR
2025-05-28,8.0,Con heridos,Choque,,,168.0,C02,TRÁNSITO,AUTOMOVIL,PARTICULAR
2025-05-29,1.0,Con heridos,Choque,,,154.0,C02,TRÁNSITO,AUTOMOVIL,PARTICULAR
2025-05-30,1.0,Con heridos,Choque,,,178.0,C02,TRÁNSITO,AUTOMOVIL,PARTICULAR
2025-05-31,5.0,Con heridos,Choque,,,149.0,C02,TRÁNSITO,AUTOMOVIL,PARTICULAR
2025-06-01,7.0,Con heridos,Choque,,,80.0,C29,TRÁNSITO,AUTOMOVIL,PARTICULAR
2025-06-02,8.0,Con heridos,Choque,,,86.0,C29,TRÁNSITO,AUTOMOVIL,PARTICULAR
2025-06-03,3.0,Con heridos,Choque,,,158.0,C02,TRÁNSITO,AUTOMOVIL,PARTICULAR
2025-06-04,2.0,Con heridos,Atropello,,,161.0,C02,TRÁNSITO,AUTOMOVIL,PARTICULAR
2025-06-05,4.0,Con heridos,Choque,,,165.0,C02,TRÁNSITO,AUTOMOVIL,PARTICULAR
2025-06-06,4.0,Con heridos,Choque,,,152.0,C02,TRÁNSITO,AUTOMOVIL,PARTICULAR
2025-06-07,3.0,Con heridos,Choque,,,163.0,C02,TRÁNSITO,AUTOMOVIL,PARTICULAR
2025-06-08,4.0,Con heridos,Choque,,,95.0,C29,TRÁNSITO,AUTOMOVIL,PARTICULAR
2025-06-09,2.0,Con heridos,Choque,,,187.0,C02,TRÁNSITO,AUTOMOVIL,PARTICULAR
2025-06-10,2.0,Con heridos,Atropello,,,184.0,C02,TRÁNSITO,AUTOMOVIL,PARTICULAR
2025-06-11,1.0,Con heridos,Choque,,,170.0,C02,TRÁNSITO,AUTOMOVIL,PARTICULAR
2025-06-12,5.0,Con heridos,Choque,,,183.0,C02,TRÁNSITO,AUTOMOVIL,PARTICULAR
2025-06-13,3.0,Con heridos,Choque,,,143.0,C02,TRÁNSITO,AUTOMOVIL,PARTICULAR
2025-06-14,6.0,Con heridos,Choque,,,164.0,C02,TRÁNSITO,AUTOMOVIL,PARTICULAR
2025-06-15,4.0,Con heridos,Choque,,,114.0,C29,TRÁNSITO,AUTOMOVIL,PARTICULAR
2025-06-16,5.0,Con heridos,Choque,,,177.0,C02,TRÁNSITO,AUTOMOVIL,PARTICULAR
2025-06-17,4.0,Con heridos,Choque,,,143.0,C02,TRÁNSITO,AUTOMOVIL,PARTICULAR
2025-06-18,2.0,Con heridos,Choque,,,168.0,C02,TRÁNSITO,AUTOMOVIL,PARTICULAR
2025-06-19,6.0,Con heridos,Choque,,,153.0,C02,TRÁNSITO,AUTOMOVIL,PARTICULAR
2025-06-20,4.0,Con heridos,Choque,,,173.0,C02,TRÁNSITO,AUTOMOVIL,PARTICULAR
2025-06-21,2.0,Con heridos,Choque,,,181.0,C02,TRÁNSITO,AUTOMOVIL,PARTICULAR
2025-06-22,6.0,Con heridos,Choque,,,92.0,C29,TRÁNSITO,AUTOMOVIL,PARTICULAR
2025-06-23,5.0,Con heridos,Choque,,,68.0,C29,TRÁNSITO,AUTOMOVIL,PARTICULAR
2025-06-24,3.0,Con heridos,Choque,,,161.0,C02,TRÁNSITO,AUTOMOVIL,PARTICULAR
2025-06-25,4.0,Con heridos,Choque,,,176.0,C02,TRÁNSITO,AUTOMOVIL,PARTICULAR
2025-06-26,4.0,Con heridos,Choque,,,147.0,C02,TRÁNSITO,AUTOMOVIL,PARTICULAR
2025-06-27,4.0,Con heridos,Choque,,,164.0,C02,TRÁNSITO,AUTOMOVIL,PARTICULAR
2025-06-28,2.0,Con heridos,Atropello,,,126.0,C02,TRÁNSITO,AUTOMOVIL,PARTICULAR
2025-06-29,2.0,Con heridos,Choque,,,93.0,C29,TRÁNSITO,AUTOMOVIL,PARTICULAR
2025-06-30,6.0,Con heridos,Choque,,,86.0,C29,TRÁNSITO,AUTOMOVIL,PARTICULAR
2025-07-01,7.0,Con heridos,Choque,,,129.0,C02,TRÁNSITO,AUTOMOVIL,PARTICULAR
2025-07-02,9.0,Con heridos,Choque,,,143.0,C02,TRÁNSITO,AUTOMOVIL,PARTICULAR
2025-07-03,2.0,Con heridos,Atropello,,,170.0,C02,TRÁNSITO,AUTOMOVIL,PARTICULAR
2025-07-04,1.0,Con heridos,Choque,,,150.0,C02,TRÁNSITO,AUTOMOVIL,PARTICULAR
2025-07-05,3.0,Con heridos,Choque,,,128.0,C02,TRÁNSITO,AUTOMOVIL,PARTICULAR
2025-07-06,6.0,Con heridos,Choque,,,94.0,C29,TRÁNSITO,AUTOMOVIL,PARTICULAR
2025-07-07,1.0,Con heridos,Choque,,,146.0,C02,TRÁNSITO,AUTOMOVIL,PARTICULAR
2025-07-08,5.0,Con heridos,Choque,,,171.0,C02,TRÁNSITO,AUTOMOVIL,PARTICULAR
2025-07-09,4.0,Con heridos,Choque,,,160.0,C02,TRÁNSITO,AUTOMOVIL,PARTICULAR
2025-07-10,3.0,Con heridos,Choque,,,145.0,C02,TRÁNSITO,AUTOMOVIL,PARTICULAR
2025-07-11,5.0,Con heridos,Choque,,,152.0,C02,TRÁNSITO,AUTOMOVIL,PARTICULAR
2025-07-12,5.0,Con heridos,Choque,,,144.0,C02,TRÁNSITO,AUTOMOVIL,PARTICULAR
2025-07-13,5.0,Con heridos,Choque,,,114.0,C29,TRÁNSITO,AUTOMOVIL,PARTICULAR
2025-07-14,2.0,Con heridos,Atropello,,,169.0,C02,TRÁNSITO,AUTOMOVIL,PARTICULAR
2025-07-15,6.0,Con heridos,Choque,,,152.0,C02,TRÁNSITO,AUTOMOVIL,PARTICULAR
2025-07-16,3.0,Con heridos,Choque,,,163.0,C02,TRÁNSITO,AUTOMOVIL,PARTICULAR
2025-07-17,4.0,Con heridos,Choque,,,145.0,C02,TRÁNSITO,AUTOMOVIL,PARTICULAR
2025-07-19,6.0,Con heridos,Choque,,,142.0,C02,TRÁNSITO,AUTOMOVIL,PARTICULAR
2025-07-20,5.0,Con heridos,Choque,,,102.0,C29,TRÁNSITO,AUTOMOVIL,PARTICULAR
2025-07-21,4.0,Con heridos,Choque,,,179.0,C02,TRÁNSITO,AUTOMOVIL,PARTICULAR
2025-07-22,5.0,Con heridos,Choque,,,227.0,C02,TRÁNSITO,AUTOMOVIL,PARTICULAR
2025-07-23,3.0,Con heridos,Choque,,,168.0,C02,TRÁNSITO,AUTOMOVIL,PARTICULAR
2025-07-24,3.0,Con heridos,Choque,,,190.0,C02,TRÁNSITO,AUTOMOVIL,PARTICULAR
2025-07-25,2.0,Con heridos,Choque,,,141.0,C02,TRÁNSITO,AUTOMOVIL,PARTICULAR
2025-07-26,5.0,Con heridos,Choque,,,179.0,C02,TRÁNSITO,AUTOMOVIL,PARTICULAR
2025-07-27,4.0,Con heridos,Choque,,,68.0,C29,TRÁNSITO,AUTOMOVIL,PARTICULAR
2025-07-28,2.0,Con heridos,Choque,,,181.0,C02,TRÁNSITO,AUTOMOVIL,PARTICULAR
2025-07-29,5.0,Con heridos,Choque,,,207.0,C02,TRÁNSITO,AUTOMOVIL,PARTICULAR
2025-07-30,4.0,Con heridos,Choque,,,224.0,C02,TRÁNSITO,AUTOMOVIL,PARTICULAR
2025-07-31,3.0,Con heridos,Choque,,,176.0,C02,TRÁNSITO,AUTOMOVIL,PARTICULAR
2025-08-01,5.0,Con heridos,Atropello,,,206.0,C02,TRÁNSITO,AUTOMOVIL,PARTICULAR
2025-08-02,7.0,Con heridos,Choque,,,194.0,C02,TRÁNSITO,AUTOMOVIL,PARTICULAR
2025-08-03,6.0,Con heridos,Choque,,,85.0,C29,TRÁNSITO,AUTOMOVIL,PARTICULAR
2025-08-04,5.0,Con heridos,Choque,,,154.0,C02,TRÁNSITO,AUTOMOVIL,PARTICULAR
2025-08-05,5.0,Con heridos,Choque,,,84.0,C02,TRÁNSITO,AUTOMOVIL,PARTICULAR
2025-08-06,5.0,Con heridos,Choque,,,141.0,C02,TRÁNSITO,AUTOMOVIL,PARTICULAR
2025-08-07,6.0,Con heridos,Choque,,,68.0,C29,TRÁNSITO,AUTOMOVIL,PARTICULAR
2025-08-08,8.0,Con heridos,Choque,,,98.0,C29,TRÁNSITO,AUTOMOVIL,PARTICULAR
2025-08-09,6.0,Con heridos,Choque,,,65.0,C29,TRÁNSITO,AUTOMOVIL,PARTICULAR
2025-08-10,3.0,Con heridos,Choque,,,75.0,C29,TRÁNSITO,AUTOMOVIL,PARTICULAR
2025-08-11,7.0,Con heridos,Choque,,,176.0,C02,TRÁNSITO,AUTOMOVIL,PARTICULAR
2025-08-12,2.0,Con heridos,Choque,,,66.0,C29,TRÁNSITO,AUTOMOVIL,PARTICULAR
2025-08-13,1.0,Con heridos,Atropello,,,110.0,C02,TRÁNSITO,AUTOMOVIL,PARTICULAR
2025-08-14,5.0,Con heridos,Choque,,,52.0,C29,TRÁNSITO,AUTOMOVIL,PARTICULAR
2025-08-15,7.0,Con heridos,Choque,,,39.0,C29,TRÁNSITO,AUTOMOVIL,PARTICULAR
2025-08-16,5.0,Con heridos,Choque,,,44.0,C29,TRÁNSITO,AUTOMOVIL,PARTICULAR
2025-08-17,4.0,Con heridos,Choque,,,98.0,C29,TRÁNSITO,AUTOMOVIL,PARTICULAR
2025-08-18,5.0,Con heridos,Choque,,,60.0,C29,TRÁNSITO,AUTOMOVIL,PARTICULAR
2025-08-19,2.0,Con heridos,Choque,,,155.0,C02,TRÁNSITO,AUTOMOVIL,PARTICULAR
2025-08-20,8.0,Con heridos,Choque,,,71.0,C29,TRÁNSITO,AUTOMOVIL,PARTICULAR
2025-08-21,3.0,Con heridos,Choque,,,51.0,C29,TRÁNSITO,AUTOMOVIL,PARTICULAR
2025-08-22,3.0,Con heridos,Choque,,,48.0,C29,TRÁNSITO,AUTOMOVIL,PARTICULAR
2025-08-23,4.0,Con heridos,Choque,,,173.0,C02,TRÁNSITO,AUTOMOVIL,PARTICULAR
2025-08-24,3.0,Con heridos,Choque,,,81.0,C29,TRÁNSITO,AUTOMOVIL,PARTICULAR
2025-08-25,3.0,Con heridos,Choque,,,167.0,C02,TRÁNSITO,AUTOMOVIL,PARTICULAR
2025-08-26,3.0,Con heridos,Choque,,,151.0,C02,TRÁNSITO,AUTOMOVIL,PARTICULAR
2025-08-27,8.0,Con heridos,Choque,,,163.0,C02,TRÁNSITO,AUTOMOVIL,PARTICULAR
2025-08-28,4.0,Con heridos,Choque,,,177.0,C02,TRÁNSITO,AUTOMOVIL,PARTICULAR
2025-08-29,3.0,Con heridos,Choque,,,167.0,C02,TRÁNSITO,AUTOMOVIL,PARTICULAR
2025-08-30,3.0,Con heridos,Choque,,,119.0,C02,TRÁNSITO,AUTOMOVIL,PARTICULAR
2025-08-31,8.0,Con heridos,Choque,,,71.0,C29,TRÁNSITO,AUTOMOVIL,PARTICULAR
2025-09-01,5.0,Con heridos,Choque,,,175.0,C02,TRÁNSITO,AUTOMOVIL,PARTICULAR
2025-09-02,5.0,Con heridos,Choque,,,169.0,C02,TRÁNSITO,AUTOMOVIL,PARTICULAR
2025-09-03,3.0,Con heridos,Choque,,,186.0,C02,TRÁNSITO,AUTOMOVIL,PARTICULAR
2025-09-04,10.0,Con heridos,Choque,,,199.0,C02,TRÁNSITO,AUTOMOVIL,PARTICULAR
2025-09-05,4.0,Con heridos,Choque,,,194.0,C02,TRÁNSITO,AUTOMOVIL,PARTICULAR
2025-09-06,5.0,Con heridos,Choque,,,185.0,C02,TRÁNSITO,AUTOMOVIL,PARTICULAR
2025-09-07,5.0,Con heridos,Choque,,,84.0,C29,TRÁNSITO,AUTOMOVIL,PARTICULAR
2025-09-08,11.0,Con heridos,Choque,,,159.0,C02,TRÁNSITO,AUTOMOVIL,PARTICULAR
2025-09-09,3.0,Con heridos,Choque,,,191.0,C02,TRÁNSITO,AUTOMOVIL,PARTICULAR
2025-09-10,9.0,Con heridos,Choque,,,178.0,C02,TRÁNSITO,AUTOMOVIL,PARTICULAR
2025-09-11,4.0,Con heridos,Choque,,,215.0,C02,TRÁNSITO,AUTOMOVIL,PARTICULAR
2025-09-12,4.0,Con heridos,Choque,,,207.0,C02,TRÁNSITO,AUTOMOVIL,PARTICULAR
2025-09-13,6.0,Con heridos,Choque,,,168.0,C02,TRÁNSITO,AUTOMOVIL,PARTICULAR
2025-09-14,4.0,Con heridos,Choque,,,114.0,C29,TRÁNSITO,AUTOMOVIL,PARTICULAR
2025-09-15,7.0,Con heridos,Choque,,,203.0,C02,TRÁNSITO,AUTOMOVIL,PARTICULAR
2025-09-16,10.0,Con heridos,Choque,,,187.0,C02,TRÁNSITO,AUTOMOVIL,PARTICULAR
2025-09-17,4.0,Con heridos,Choque,,,210.0,C02,TRÁNSITO,AUTOMOVIL,PARTICULAR
2025-09-18,9.0,Con heridos,Choque,,,140.0,C02,TRÁNSITO,AUTOMOVIL,PARTICULAR
2025-09-19,8.0,Con heridos,Choque,,,156.0,C02,TRÁNSITO,AUTOMOVIL,PARTICULAR
2025-09-20,6.0,Con heridos,Choque,,,190.0,C02,TRÁNSITO,AUTOMOVIL,PARTICULAR
2025-09-21,5.0,Con heridos,Choque,,,93.0,C29,TRÁNSITO,AUTOMOVIL,PARTICULAR
2025-09-22,7.0,Con heridos,Choque,,,189.0,C02,TRÁNSITO,AUTOMOVIL,PARTICULAR
2025-09-23,7.0,Con heridos,Choque,,,80.0,C29,TRÁNSITO,AUTOMOVIL,PARTICULAR
2025-09-24,6.0,Con heridos,Choque,,,220.0,C02,TRÁNSITO,AUTOMOVIL,PARTICULAR
2025-09-25,7.0,Con heridos,Choque,,,170.0,C02,TRÁNSITO,AUTOMOVIL,PARTICULAR
2025-09-26,6.0,Con heridos,Choque,,,204.0,C02,TRÁNSITO,AUTOMOVIL,PARTICULAR
2025-09-27,6.0,Con heridos,Choque,,,150.0,C02,TRÁNSITO,AUTOMOVIL,PARTICULAR
2025-09-28,5.0,Con heridos,Choque,,,86.0,C29,TRÁNSITO,AUTOMOVIL,PARTICULAR
2025-09-29,3.0,Con heridos,Choque,,,176.0,C02,TRÁNSITO,AUTOMOVIL,PARTICULAR
2025-09-30,4.0,Con heridos,Choque,,,133.0,C02,TRÁNSITO,AUTOMOVIL,PARTICULAR
2025-10-01,3.0,Con heridos,Choque,,,242.0,C02,TRÁNSITO,AUTOMOVIL,PARTICULAR
2025-10-02,3.0,Con heridos,Choque,,,235.0,C02,TRÁNSITO,AUTOMOVIL,PARTICULAR
2025-10-03,8.0,Con heridos,Choque,,,289.0,C02,TRÁNSITO,AUTOMOVIL,PARTICULAR
2025-10-04,5.0,Con heridos,Choque,,,182.0,C02,TRÁNSITO,AUTOMOVIL,PARTICULAR
2025-10-05,7.0,Con heridos,Choque,,,88.0,C29,TRÁNSITO,AUTOMOVIL,PARTICULAR
2025-10-06,7.0,Con heridos,Choque,,,211.0,C02,TRÁNSITO,AUTOMOVIL,PARTICULAR
2025-10-07,7.0,Con heridos,Choque,,,286.0,C02,TRÁNSITO,AUTOMOVIL,PARTICULAR
2025-10-08,6.0,Con heridos,Choque,,,250.0,C02,TRÁNSITO,AUTOMOVIL,PARTICULAR
2025-10-09,6.0,Con heridos,Choque,,,233.0,C02,TRÁNSITO,AUTOMOVIL,PARTICULAR
2025-10-10,10.0,Con heridos,Choque,,,231.0,C02,TRÁNSITO,AUTOMOVIL,PARTICULAR
2025-10-11,6.0,Con heridos,Choque,,,204.0,C02,TRÁNSITO,AUTOMOVIL,PARTICULAR
2025-10-12,3.0,Con heridos,Choque,,,89.0,C29,TRÁNSITO,AUTOMOVIL,PARTICULAR
2025-10-13,6.0,Con heridos,Choque,,,82.0,C29,TRÁNSITO,AUTOMOVIL,PARTICULAR
2025-10-14,5.0,Con heridos,Choque,,,225.0,C02,TRÁNSITO,AUTOMOVIL,PARTICULAR
2025-10-15,2.0,Con heridos,Choque,,,226.0,C02,TRÁNSITO,AUTOMOVIL,PARTICULAR
2025-10-16,4.0,Con heridos,Choque,,,228.0,C02,TRÁNSITO,AUTOMOVIL,PARTICULAR
2025-10-17,4.0,Con heridos,Choque,,,304.0,C02,TRÁNSITO,AUTOMOVIL,PARTICULAR
2025-10-18,4.0,Con heridos,Choque,,,216.0,C02,TRÁNSITO,AUTOMOVIL,PARTICULAR
2025-10-19,7.0,Con heridos,Choque,,,80.0,C29,TRÁNSITO,AUTOMOVIL,PARTICULAR
2025-10-20,5.0,Con heridos,Choque,,,178.0,C02,TRÁNSITO,AUTOMOVIL,PARTICULAR
2025-10-21,6.0,Con heridos,Choque,,,256.0,C02,TRÁNSITO,AUTOMOVIL,PARTICULAR
2025-10-22,7.0,Con heridos,Choque,,,261.0,C02,TRÁNSITO,AUTOMOVIL,PARTICULAR
2025-10-23,9.0,Con heridos,Choque,,,198.0,C02,TRÁNSITO,AUTOMOVIL,PARTICULAR
2025-10-24,13.0,Con heridos,Choque,,,218.0,C02,TRÁNSITO,AUTOMOVIL,PARTICULAR
2025-10-25,9.0,Con heridos,Choque,,,229.0,C02,TRÁNSITO,AUTOMOVIL,PARTICULAR
2025-10-26,7.0,Con heridos,Choque,,,109.0,C29,TRÁNSITO,AUTOMOVIL,PARTICULAR
2025-10-27,5.0,Con heridos,Choque,,,246.0,C02,TRÁNSITO,AUTOMOVIL,PARTICULAR
2025-10-28,7.0,Con heridos,Choque,,,252.0,C02,TRÁNSITO,AUTOMOVIL,PARTICULAR
2025-10-29,3.0,Con heridos,Atropello,,,221.0,C02,TRÁNSITO,AUTOMOVIL,PARTICULAR
2025-10-30,5.0,Con heridos,Choque,,,193.0,C02,TRÁNSITO,AUTOMOVIL,PARTICULAR
2025-10-31,6.0,Con heridos,Choque,,,209.0,C02,TRÁNSITO,AUTOMOVIL,PARTICULAR
2025-11-01,3.0,Con heridos,Choque,,,168.0,C02,TRÁNSITO,AUTOMOVIL,PARTICULAR
2025-11-02,11.0,Con heridos,Choque,,,38.0,C14,TRÁNSITO,AUTOMOVIL,PARTICULAR
2025-11-03,3.0,Con heridos,Choque,,,22.0,C14,TRÁNSITO,AUTOMOVIL,PARTICULAR
2025-11-04,11.0,Con heridos,Choque,,,162.0,C02,TRÁNSITO,AUTOMOVIL,PARTICULAR
2025-11-05,5.0,Con heridos,Choque,,,172.0,C02,TRÁNSITO,AUTOMOVIL,PARTICULAR
2025-11-06,9.0,Con heridos,Choque,,,311.0,C02,TRÁNSITO,AUTOMOVIL,PARTICULAR
2025-11-07,2.0,Con heridos,Atropello,,,233.0,C02,TRÁNSITO,AUTOMOVIL,PARTICULAR
2025-11-08,8.0,Con heridos,Choque,,,251.0,C02,TRÁNSITO,AUTOMOVIL,PARTICULAR
2025-11-09,10.0,Con heridos,Choque,,,84.0,C29,TRÁNSITO,AUTOMOVIL,PARTICULAR
2025-11-10,2.0,Con heridos,Choque,,,177.0,C02,TRÁNSITO,AUTOMOVIL,PARTICULAR
2025-11-11,6.0,Con heridos,Choque,,,121.0,C29,TRÁNSITO,AUTOMOVIL,PARTICULAR
2025-11-12,5.0,Con heridos,Choque,,,221.0,C02,TRÁNSITO,AUTOMOVIL,PARTICULAR
2025-11-13,8.0,Con heridos,Choque,,,361.0,C02,TRÁNSITO,AUTOMOVIL,PARTICULAR
2025-11-14,6.0,Con heridos,Choque,,,243.0,C02,TRÁNSITO,AUTOMOVIL,PARTICULAR
2025-11-15,3.0,Con heridos,Choque,,,309.0,C02,TRÁNSITO,AUTOMOVIL,PARTICULAR
2025-11-16,4.0,Con heridos,Choque,,,136.0,C29,TRÁNSITO,AUTOMOVIL,PARTICULAR
2025-11-17,4.0,Con heridos,Choque,,,69.0,C29,TRÁNSITO,AUTOMOVIL,PARTICULAR
2025-11-18,6.0,Con heridos,Choque,,,223.0,C02,TRÁNSITO,AUTOMOVIL,PARTICULAR
2025-11-19,1.0,Con heridos,Choque,,,215.0,C02,TRÁNSITO,AUTOMOVIL,PARTICULAR
2025-11-20,8.0,Con heridos,Choque,,,236.0,C02,TRÁNSITO,AUTOMOVIL,PARTICULAR
2025-11-21,4.0,Con heridos,Choque,,,232.0,C02,TRÁNSITO,AUTOMOVIL,PARTICULAR
2025-11-22,3.0,Con heridos,Choque,,,236.0,C02,TRÁNSITO,AUTOMOVIL,PARTICULAR
2025-11-23,8.0,Con heridos,Choque,,,78.0,C29,TRÁNSITO,AUTOMOVIL,PARTICULAR
2025-11-24,4.0,Con heridos,Choque,,,169.0,C02,TRÁNSITO,AUTOMOVIL,PARTICULAR
2025-11-25,6.0,Con heridos,Choque,,,143.0,C02,TRÁNSITO,AUTOMOVIL,PARTICULAR
2025-11-26,6.0,Con heridos,Choque,,,176.0,C02,TRÁNSITO,AUTOMOVIL,PARTICULAR
2025-11-27,7.0,Con heridos,Choque,,,134.0,C02,TRÁNSITO,AUTOMOVIL,PARTICULAR
2025-11-28,7.0,Con heridos,Choque,,,202.0,C02,TRÁNSITO,AUTOMOVIL,PARTICULAR
2025-11-29,4.0,Con heridos,Choque,,,149.0,C02,TRÁNSITO,AUTOMOVIL,PARTICULAR
2025-11-30,4.0,Con heridos,Choque,,,60.0,C29,TRÁNSITO,AUTOMOVIL,PARTICULAR
2025-12-01,2.0,Con heridos,Choque,,,208.0,C02,TRÁNSITO,AUTOMOVIL,PARTICULAR
2025-12-02,6.0,Con heridos,Choque,,,171.0,C02,TRÁNSITO,AUTOMOVIL,PARTICULAR
2025-12-03,4.0,Con heridos,Choque,,,199.0,C02,TRÁNSITO,AUTOMOVIL,PARTICULAR
2025-12-04,2.0,Con heridos,Choque,,,184.0,C02,TRÁNSITO,AUTOMOVIL,PARTICULAR
2025-12-05,7.0,Con heridos,Choque,,,181.0,C02,TRÁNSITO,AUTOMOVIL,PARTICULAR
2025-12-06,6.0,Con heridos,Choque,,,178.0,C02,TRÁNSITO,AUTOMOVIL,PARTICULAR
2025-12-07,4.0,Con heridos,Choque,,,85.0,C29,TRÁNSITO,AUTOMOVIL,PARTICULAR
2025-12-08,8.0,Con heridos,Choque,,,123.0,C29,TRÁNSITO,AUTOMOVIL,PARTICULAR
2025-12-09,3.0,Con heridos,Choque,,,160.0,C02,TRÁNSITO,AUTOMOVIL,PARTICULAR
2025-12-10,3.0,Con heridos,Choque,,,180.0,C02,TRÁNSITO,AUTOMOVIL,PARTICULAR
2025-12-11,8.0,Con heridos,Choque,,,176.0,C02,TRÁNSITO,AUTOMOVIL,PARTICULAR
2025-12-12,7.0,Con heridos,Choque,,,184.0,C02,TRÁNSITO,AUTOMOVIL,PARTICULAR
2025-12-13,8.0,Con heridos,Choque,,,159.0,C02,TRÁNSITO,AUTOMOVIL,PARTICULAR
2025-12-14,2.0,Con heridos,Choque,,,53.0,C29,TRÁNSITO,AUTOMOVIL,PARTICULAR
2025-12-15,4.0,Con heridos,Choque,,,230.0,C02,TRÁNSITO,AUTOMOVIL,PARTICULAR
2025-12-16,7.0,Con heridos,Choque,,,208.0,C02,TRÁNSITO,AUTOMOVIL,PARTICULAR
2025-12-17,9.0,Con heridos,Choque,,,192.0,C02,TRÁNSITO,AUTOMOVIL,PARTICULAR
2025-12-18,10.0,Con heridos,Choque,,,139.0,C02,TRÁNSITO,AUTOMOVIL,PARTICULAR
2025-12-19,10.0,Con heridos,Choque,,,59.0,C29,TRÁNSITO,AUTOMOVIL,PARTICULAR
2025-12-20,6.0,Con heridos,Choque,,,43.0,C29,TRÁNSITO,AUTOMOVIL,PARTICULAR
2025-12-21,5.0,Con heridos,Atropello,,,73.0,C29,TRÁNSITO,AUTOMOVIL,PARTICULAR
2025-12-22,5.0,Con heridos,Choque,,,71.0,C29,TRÁNSITO,AUTOMOVIL,PARTICULAR
2025-12-23,4.0,Con heridos,Choque,,,88.0,C02,TRÁNSITO,AUTOMOVIL,PARTICULAR
2025-12-24,9.0,Con heridos,Choque,,,105.0,C02,TRÁNSITO,AUTOMOVIL,PARTICULAR
2025-12-25,2.0,Con heridos,Atropello,,,89.0,C29,TRÁNSITO,AUTOMOVIL,PARTICULAR
2025-12-26,4.0,Con heridos,Choque,,,135.0,C02,TRÁNSITO,AUTOMOVIL,PARTICULAR
2025-12-27,5.0,Con heridos,Choque,,,135.0,C02,TRÁNSITO,AUTOMOVIL,PARTICULAR
2025-12-28,3.0,Con heridos,Choque,,,65.0,C29,TRÁNSITO,AUTOMOVIL,PARTICULAR
2025-12-29,2.0,Con heridos,Choque,,,158.0,C02,TRÁNSITO,AUTOMOVIL,PARTICULAR
2025-12-30,2.0,Con heridos,Choque,,,188.0,C02,TRÁNSITO,AUTOMOVIL,PARTICULAR
2025-12-31,4.0,Con heridos,Choque,,,134.0,C02,TRÁNSITO,AUTOMOVIL,PARTICULAR
2026-01-01,3.0,Con heridos,Choque,,,134.0,C29,TRÁNSITO,AUTOMOVIL,PARTICULAR
2026-01-02,6.0,Con heridos,Choque,,,94.0,C29,TRÁNSITO,AUTOMOVIL,PARTICULAR
2026-01-03,1.0,Con heridos,Choque,,,58.0,C29,TRÁNSITO,AUTOMOVIL,PARTICULAR
2026-01-04,1.0,Solo daños,Choque,,,124.0,C29,TRÁNSITO,AUTOMOVIL,PARTICULAR
2026-01-05,3.0,Con heridos,Choque,,,190.0,C02,TRÁNSITO,AUTOMOVIL,PARTICULAR
2026-01-06,7.0,Con heridos,Choque,,,178.0,C02,TRÁNSITO,AUTOMOVIL,PARTICULAR
2026-01-07,5.0,Con heridos,Choque,,,202.0,C02,TRÁNSITO,AUTOMOVIL,PARTICULAR
2026-01-08,2.0,Con heridos,Choque,,,165.0,C02,TRÁNSITO,AUTOMOVIL,PARTICULAR
2026-01-09,4.0,Con heridos,Choque,,,206.0,C02,TRÁNSITO,AUTOMOVIL,PARTICULAR
2026-01-10,6.0,Con heridos,Choque,,,169.0,C02,TRÁNSITO,AUTOMOVIL,PARTICULAR
2026-01-11,3.0,Con heridos,Choque,,,55.0,C29,TRÁNSITO,AUTOMOVIL,PARTICULAR
2026-01-12,2.0,Con heridos,Atropello,,,69.0,C29,TRÁNSITO,AUTOMOVIL,PARTICULAR
2026-01-13,2.0,Con heridos,Choque,,,209.0,C02,TRÁNSITO,AUTOMOVIL,PARTICULAR
2026-01-14,7.0,Con heridos,Choque,,,184.0,C02,TRÁNSITO,AUTOMOVIL,PARTICULAR
2026-01-15,3.0,Con heridos,Atropello,,,176.0,C02,TRÁNSITO,AUTOMOVIL,PARTICULAR
2026-01-16,1.0,Con heridos,Choque,,,225.0,C02,TRÁNSITO,AUTOMOVIL,PARTICULAR
2026-01-17,3.0,Con heridos,Choque,,,195.0,C02,TRÁNSITO,AUTOMOVIL,PARTICULAR
2026-01-18,2.0,Con heridos,Choque,,,81.0,C29,TRÁNSITO,AUTOMOVIL,PARTICULAR
2026-01-19,2.0,Con heridos,Choque,,,215.0,C02,TRÁNSITO,AUTOMOVIL,PARTICULAR
2026-01-20,4.0,Con heridos,Choque,,,214.0,C02,TRÁNSITO,AUTOMOVIL,PARTICULAR
2026-01-21,4.0,Con heridos,Choque,,,182.0,C02,TRÁNSITO,AUTOMOVIL,PARTICULAR
2026-01-22,8.0,Con heridos,Choque,,,209.0,C02,TRÁNSITO,AUTOMOVIL,PARTICULAR
2026-01-23,8.0,Con heridos,Choque,,,172.0,C02,TRÁNSITO,AUTOMOVIL,PARTICULAR
2026-01-24,4.0,Con heridos,Choque,,,196.0,C02,TRÁNSITO,AUTOMOVIL,PARTICULAR
2026-01-25,5.0,Con heridos,Choque,,,87.0,C29,TRÁNSITO,AUTOMOVIL,PARTICULAR
2026-01-26,7.0,Con heridos,Choque,,,222.0,C02,TRÁNSITO,AUTOMOVIL,PARTICULAR
2026-01-27,8.0,Con heridos,Choque,,,176.0,C02,TRÁNSITO,AUTOMOVIL,PARTICULAR
2026-01-28,4.0,Con heridos,Choque,,,206.0,C02,TRÁNSITO,AUTOMOVIL,PARTICULAR
2026-01-29,4.0,Con heridos,Choque,,,205.0,C02,TRÁNSITO,AUTOMOVIL,PARTICULAR
2026-01-30,11.0,Con heridos,Choque,,,208.0,C02,TRÁNSITO,AUTOMOVIL,PARTICULAR
2026-01-31,7.0,Con heridos,Choque,,,198.0,C02,TRÁNSITO,AUTOMOVIL,PARTICULAR
2026-02-01,2.0,Con heridos,Choque,,,87.0,C29,TRÁNSITO,AUTOMOVIL,PARTICULAR
2026-02-02,5.0,Con heridos,Choque,,,83.0,C02,TRÁNSITO,AUTOMOVIL,PARTICULAR
2026-02-03,5.0,Con heridos,Choque,,,149.0,C02,TRÁNSITO,AUTOMOVIL,PARTICULAR
2026-02-04,6.0,Con heridos,Choque,,,161.0,C02,TRÁNSITO,AUTOMOVIL,PARTICULAR
2026-02-05,5.0,Con heridos,Choque,,,184.0,C02,TRÁNSITO,AUTOMOVIL,PARTICULAR
2026-02-06,6.0,Con heridos,Choque,,,109.0,C02,TRÁNSITO,AUTOMOVIL,PARTICULAR
2026-02-07,5.0,Con heridos,Choque,,,166.0,C02,TRÁNSITO,AUTOMOVIL,PARTICULAR
2026-02-08,6.0,Con heridos,Choque,,,85.0,C29,TRÁNSITO,AUTOMOVIL,PARTICULAR
2026-02-09,6.0,Con heridos,Choque,,,148.0,C02,TRÁNSITO,AUTOMOVIL,PARTICULAR
2026-02-10,4.0,Con heridos,Choque,,,152.0,C02,TRÁNSITO,AUTOMOVIL,PARTICULAR
2026-02-11,4.0,Con heridos,Choque,,,172.0,C02,TRÁNSITO,AUTOMOVIL,PARTICULAR
2026-02-12,6.0,Con heridos,Choque,,,154.0,C02,TRÁNSITO,AUTOMOVIL,PARTICULAR
2026-02-13,5.0,Con heridos,Choque,,,114.0,C02,TRÁNSITO,AUTOMOVIL,PARTICULAR
2026-02-14,7.0,Con heridos,Choque,,,40.0,C29,TRÁNSITO,AUTOMOVIL,PARTICULAR
2026-02-15,8.0,Con heridos,Choque,,,57.0,C29,TRÁNSITO,AUTOMOVIL,PARTICULAR
2026-02-16,2.0,Con heridos,Atropello,,,25.0,C29,TRÁNSITO,AUTOMOVIL,PARTICULAR
2026-02-17,5.0,Con heridos,Choque,,,50.0,C29,TRÁNSITO,AUTOMOVIL,PARTICULAR
2026-02-18,2.0,Con heridos,Choque,,,157.0,C02,TRÁNSITO,AUTOMOVIL,PARTICULAR
2026-02-19,3.0,Con heridos,Choque,,,128.0,C02,TRÁNSITO,AUTOMOVIL,PARTICULAR
2026-02-20,3.0,Con heridos,Choque,,,146.0,C02,TRÁNSITO,AUTOMOVIL,PARTICULAR
2026-02-21,8.0,Con heridos,Choque,,,186.0,C02,TRÁNSITO,AUTOMOVIL,PARTICULAR
2026-02-23,6.0,Con heridos,Choque,,,192.0,C02,TRÁNSITO,AUTOMOVIL,PARTICULAR
2026-02-24,3.0,Con heridos,Choque,,,175.0,C02,TRÁNSITO,AUTOMOVIL,PARTICULAR
2026-02-25,3.0,Con heridos,Choque,,,237.0,C02,TRÁNSITO,AUTOMOVIL,PARTICULAR
2026-02-26,6.0,Con heridos,Choque,,,229.0,C02,TRÁNSITO,AUTOMOVIL,PARTICULAR
2026-02-27,6.0,Con heridos,Choque,,,217.0,C02,TRÁNSITO,AUTOMOVIL,PARTICULAR
2026-02-28,5.0,Con heridos,Choque,,,213.0,C02,TRÁNSITO,AUTOMOVIL,PARTICULAR
2026-03-06,2.0,Con heridos,Choque,,,211.0,C02,TRÁNSITO,AUTOMOVIL,PARTICULAR
2026-03-08,2.0,Con heridos,Choque,,,111.0,C29,TRÁNSITO,AUTOMOVIL,PARTICULAR
2026-03-10,1.0,Con heridos,Choque,,,194.0,C02,TRÁNSITO,AUTOMOVIL,PARTICULAR
2026-03-11,2.0,Con heridos,Choque,,,183.0,C02,TRÁNSITO,AUTOMOVIL,PARTICULAR
2026-03-12,1.0,Con heridos,Atropello,,,216.0,C02,TRÁNSITO,AUTOMOVIL,PARTICULAR
2026-03-14,1.0,Con heridos,Choque,,,194.0,C02,TRÁNSITO,AUTOMOVIL,PARTICULAR
2026-03-15,1.0,Con muertos,Choque,,,83.0,C29,TRÁNSITO,AUTOMOVIL,PARTICULAR
2026-03-16,1.0,Con heridos,Choque,,,236.0,C02,TRÁNSITO,AUTOMOVIL,PARTICULAR
2026-03-17,3.0,Con muertos,Choque,,,229.0,C02,TRÁNSITO,AUTOMOVIL,PARTICULAR
2026-03-18,4.0,Con heridos,Choque,,,206.0,C02,TRÁNSITO,AUTOMOVIL,PARTICULAR
2026-03-19,2.0,Con heridos,Choque,,,203.0,C02,TRÁNSITO,AUTOMOVIL,PARTICULAR
2026-03-20,1.0,Con heridos,Atropello,,,216.0,C02,TRÁNSITO,AUTOMOVIL,PARTICULAR
2026-03-21,2.0,Con heridos,Choque,,,174.0,C02,TRÁNSITO,AUTOMOVIL,PARTICULAR
2026-03-22,2.0,Con heridos,Choque,,,63.0,C29,TRÁNSITO,AUTOMOVIL,PARTICULAR
2026-03-24,3.0,Con heridos,Choque,,,185.0,C02,TRÁNSITO,AUTOMOVIL,PARTICULAR
2026-03-25,3.0,Con heridos,Choque,,,190.0,C02,TRÁNSITO,AUTOMOVIL,PARTICULAR
2026-03-26,2.0,Con heridos,Choque,,,249.0,C02,TRÁNSITO,AUTOMOVIL,PARTICULAR
2026-03-27,2.0,Con heridos,Atropello,,,176.0,C02,TRÁNSITO,AUTOMOVIL,PARTICULAR
2026-03-28,2.0,Con heridos,Choque,,,219.0,C02,TRÁNSITO,AUTOMOVIL,PARTICULAR
2026-03-29,4.0,Con heridos,Choque,,,108.0,C29,TRÁNSITO,AUTOMOVIL,PARTICULAR
2026-03-30,1.0,Con muertos,Atropello,,,218.0,C02,TRÁNSITO,AUTOMOVIL,PARTICULAR
2026-03-31,1.0,Con heridos,Choque,,,195.0,C02,TRÁNSITO,AUTOMOVIL,PARTICULAR
2026-04-01,4.0,Con heridos,Choque,,,202.0,C02,TRÁNSITO,AUTOMOVIL,PARTICULAR
2026-04-02,3.0,Con heridos,Choque,,,96.0,C29,TRÁNSITO,AUTOMOVIL,PARTICULAR
2026-04-03,2.0,Con heridos,Choque,,,135.0,C29,TRÁNSITO,AUTOMOVIL,PARTICULAR
2026-04-04,3.0,Con heridos,Choque,,,80.0,C29,TRÁNSITO,AUTOMOVIL,PARTICULAR
2026-04-06,4.0,Con heridos,Choque,,,202.0,C02,TRÁNSITO,AUTOMOVIL,PARTICULAR
2026-04-07,2.0,Con heridos,Choque,,,204.0,C02,TRÁNSITO,AUTOMOVIL,PARTICULAR
2026-04-10,4.0,Con heridos,Choque,,,195.0,C02,TRÁNSITO,AUTOMOVIL,PARTICULAR
2026-04-11,3.0,Con heridos,Choque,,,202.0,C02,TRÁNSITO,AUTOMOVIL,PARTICULAR
2026-04-12,3.0,Con heridos,Choque,,,87.0,C29,TRÁNSITO,AUTOMOVIL,PARTICULAR
2026-04-13,1.0,Con heridos,Choque,,,194.0,C02,TRÁNSITO,AUTOMOVIL,PARTICULAR
2026-04-14,1.0,Con heridos,Choque,,,205.0,C02,TRÁNSITO,AUTOMOVIL,PARTICULAR
2026-04-15,4.0,Con heridos,Choque,,,228.0,C02,TRÁNSITO,AUTOMOVIL,PARTICULAR
2026-04-16,2.0,Con heridos,Choque,,,166.0,C02,TRÁNSITO,AUTOMOVIL,PARTICULAR
2026-04-17,4.0,Con heridos,Atropello,,,168.0,C02,TRÁNSITO,AUTOMOVIL,PARTICULAR
2026-04-18,1.0,Con heridos,Choque,,,145.0,C02,TRÁNSITO,AUTOMOVIL,PARTICULAR
2026-04-19,1.0,Con heridos,Choque,,,79.0,C29,TRÁNSITO,AUTOMOVIL,PARTICULAR
2026-04-20,1.0,Con heridos,Choque,,,157.0,C02,TRÁNSITO,AUTOMOVIL,PARTICULAR
2026-04-22,3.0,Con heridos,Choque,,,179.0,C02,TRÁNSITO,AUTOMOVIL,PARTICULAR
2026-04-23,3.0,Con heridos,Choque,,,162.0,C02,TRÁNSITO,AUTOMOVIL,PARTICULAR
2026-04-24,3.0,Con heridos,Choque,,,185.0,C02,TRÁNSITO,AUTOMOVIL,PARTICULAR
2026-04-25,2.0,Con heridos,Choque,,,161.0,C02,TRÁNSITO,AUTOMOVIL,PARTICULAR
2026-04-26,2.0,Con heridos,Atropello,,,115.0,C29,TRÁNSITO,AUTOMOVIL,PARTICULAR
2026-04-27,5.0,Con heridos,Choque,,,179.0,C02,TRÁNSITO,AUTOMOVIL,PARTICULAR
2026-04-28,3.0,Con heridos,Choque,,,134.0,C02,TRÁNSITO,AUTOMOVIL,PARTICULAR
2026-04-29,2.0,Con heridos,Choque,,,143.0,C02,TRÁNSITO,AUTOMOVIL,PARTICULAR
2026-04-30,1.0,Con muertos,Choque,,,152.0,C02,TRÁNSITO,AUTOMOVIL,PARTICULAR
2026-05-01,2.0,Con heridos,Atropello,,,81.0,C29,TRÁNSITO,AUTOMOVIL,PARTICULAR
2026-05-02,4.0,Con heridos,Choque,,,163.0,C02,TRÁNSITO,AUTOMOVIL,PARTICULAR
2026-05-04,1.0,Con heridos,Atropello,,,155.0,C02,TRÁNSITO,AUTOMOVIL,PARTICULAR
2026-05-05,6.0,Con heridos,Choque,,,168.0,C02,TRÁNSITO,AUTOMOVIL,PARTICULAR
2026-05-06,2.0,Con heridos,Choque,,,188.0,C02,TRÁNSITO,AUTOMOVIL,PARTICULAR
2026-05-07,4.0,Con heridos,Choque,,,157.0,C02,TRÁNSITO,AUTOMOVIL,PARTICULAR
2026-05-08,4.0,Con heridos,Choque,,,131.0,C02,TRÁNSITO,AUTOMOVIL,PARTICULAR
2026-05-09,4.0,Con heridos,Choque,,,138.0,C02,TRÁNSITO,AUTOMOVIL,PARTICULAR
2026-05-10,2.0,Con heridos,Choque,,,26.0,C29,TRÁNSITO,CAMIONETA,PARTICULAR
2026-05-11,3.0,Con heridos,Choque,,,142.0,C02,TRÁNSITO,AUTOMOVIL,PARTICULAR
2026-05-12,6.0,Con heridos,Choque,,,156.0,C02,TRÁNSITO,AUTOMOVIL,PARTICULAR
2026-05-13,2.0,Con heridos,Choque,,,185.0,C02,TRÁNSITO,AUTOMOVIL,PARTICULAR
2026-05-14,4.0,Con heridos,Choque,,,168.0,C02,TRÁNSITO,AUTOMOVIL,PARTICULAR
2026-05-15,1.0,Con heridos,Choque,,,198.0,C02,TRÁNSITO,AUTOMOVIL,PARTICULAR
2026-05-16,2.0,Con heridos,Choque,,,170.0,C02,TRÁNSITO,AUTOMOVIL,PARTICULAR
2026-05-17,1.0,Con heridos,Choque,,,75.0,C29,TRÁNSITO,AUTOMOVIL,PARTICULAR
2026-05-18,4.0,Con heridos,Choque,,,76.0,C29,TRÁNSITO,AUTOMOVIL,PARTICULAR
2026-05-19,2.0,Con heridos,Choque,,,183.0,C02,TRÁNSITO,AUTOMOVIL,PARTICULAR
2026-05-20,2.0,Con heridos,Choque,,,186.0,C02,TRÁNSITO,AUTOMOVIL,PARTICULAR
2026-05-21,1.0,Con heridos,Choque,,,173.0,C02,TRÁNSITO,AUTOMOVIL,PARTICULAR
2026-05-22,5.0,Con heridos,Choque,,,124.0,C02,TRÁNSITO,AUTOMOVIL,PARTICULAR
2026-05-23,2.0,Con heridos,Choque,,,108.0,C02,TRÁNSITO,AUTOMOVIL,PARTICULAR
2026-05-24,1.0,Con heridos,Choque,,,30.0,C29,TRÁNSITO,AUTOMOVIL,PARTICULAR
2026-05-25,5.0,Con heridos,Choque,,,184.0,C02,TRÁNSITO,AUTOMOVIL,PARTICULAR
2026-05-26,4.0,Con heridos,Choque,,,148.0,C02,TRÁNSITO,AUTOMOVIL,PARTICULAR
2026-05-27,3.0,Con heridos,Choque,,,147.0,C02,TRÁNSITO,AUTOMOVIL,PARTICULAR
2026-05-28,4.0,Con heridos,Choque,,,166.0,C02,TRÁNSITO,AUTOMOVIL,PARTICULAR
2026-05-29,3.0,Con heridos,Choque,,,116.0,C02,TRÁNSITO,AUTOMOVIL,PARTICULAR
2026-05-30,3.0,Con heridos,Choque,,,109.0,C02,TRÁNSITO,AUTOMOVIL,PARTICULAR
2026-05-31,3.0,Con heridos,Choque,,,54.0,C29,TRÁNSITO,AUTOMOVIL,PARTICULAR
2026-06-01,4.0,Con heridos,Choque,,,120.0,C02,TRÁNSITO,AUTOMOVIL,PARTICULAR
2026-06-03,5.0,Con heridos,Choque,,,42.0,C29,TRÁNSITO,AUTOMOVIL,PARTICULAR
2026-06-04,2.0,Con heridos,Choque,,,123.0,C02,TRÁNSITO,AUTOMOVIL,PARTICULAR
2026-06-05,5.0,Con heridos,Choque,,,191.0,C02,TRÁNSITO,AUTOMOVIL,PARTICULAR
2026-06-07,3.0,Con heridos,Choque,,,63.0,C29,TRÁNSITO,AUTOMOVIL,PARTICULAR
2026-06-08,2.0,Con heridos,Atropello,,,67.0,C29,TRÁNSITO,AUTOMOVIL,PARTICULAR
2026-06-10,2.0,Con heridos,Choque,,,148.0,C02,TRÁNSITO,AUTOMOVIL,PARTICULAR
2026-06-11,3.0,Con heridos,Choque,,,159.0,C02,TRÁNSITO,AUTOMOVIL,PARTICULAR
2026-06-12,2.0,Con heridos,Choque,,,182.0,C02,TRÁNSITO,AUTOMOVIL,PARTICULAR
2026-06-13,1.0,Con heridos,Choque,,,165.0,C02,TRÁNSITO,AUTOMOVIL,PARTICULAR
2026-06-14,1.0,Con muertos,Choque,,,76.0,C29,TRÁNSITO,AUTOMOVIL,PARTICULAR
2026-06-15,3.0,Con heridos,Choque,,,75.0,C29,TRÁNSITO,AUTOMOVIL,PARTICULAR
2026-06-16,2.0,Con heridos,Atropello,,,166.0,C02,TRÁNSITO,AUTOMOVIL,PARTICULAR
